region	tags	indicator	Число реализуемых образователь-ных программ - всего, ед / 3	Из них / прошли профессио-нально- общественную аккредитацию работодателями и их объедине-ниями / 4	Из них / содержат отдельные дисциплины (модули) в формате онлайн-курсов / 5	Из них / в том числе / онлайн-курсы сторонних организаций, осуществляющих образовательную деятельность / 6	Из них / в том числе / онлайн-курсы в объеме не менее 10% от общей трудоемкости образователь-ной программы / 7	Из них / реализуются полностью в онлайн-формате / 8	Число дисциплин, преподаваемых в рамках образова-тельных программ, реализуемых полностью в онлайн-формате / 9	Численность обучающихся – всего, чел / 10	Сетевая форма реализации образовательных программ / число программ (из графы 3), реализуемых с использованием сетевой формы / 11	Сетевая форма реализации образовательных программ / численность обучающихся (из графы 10) по программам, реализуемым с использованием сетевой формы -всего / 12	Сетевая форма реализации образовательных программ / в том числе (из графы 12) по программам, реализуемым с использованием ресурсов других научных и (или) образовательных организаций / 13	Сетевая форма реализации образовательных программ / в том числе (из графы 13) по очной форме обучения / 14	Сетевая форма реализации образовательных программ / в том числе (из графы 12) с использованием ресурсов иностранных организаций / 15	Сетевая форма реализации образовательных программ / общее число заключенных договоров с организациями на реализацию образовательных программ с использованием сетевой формы, ед / 16	Сетевая форма реализации образовательных программ / из них число заключенных договоров (из графы 16) с использованием ресурсов иностранных организаций / 17	Сетевая форма реализации образовательных программ / число организаций, с которыми заключены договоры на реализацию образовательных программ с использованием сетевой формы, ед / 18	Сетевая форма реализации образовательных программ / в том числе (из графы 18) число иностранных организаций / 19	Электронное обучение / число программ (из графы 3), реализуемых с применением электронного обучения / 20	Электронное обучение / численность обучающихся (из графы 10) с применением электронного обучения / 21	Электронное обучение / в том числе (из графы 21) с применением исключительно электронного обучения / 22	Дистанционные образовательные технологии / число программ (из графы 3), реализуемых с применением дистанционных образовательных технологий / 23	Дистанционные образовательные технологии / численность обучающихся (из графы 10) с применением дистанционных образовательных технологий / 24	Дистанционные образовательные технологии / в том числе (из графы 24) с применением исключительно дистанционных образовательных технологий / 25
Алтайский край	персонал; Государственные, Муниципальные	Образовательные программы бакалавриата / 01	599.0	37.0	230.0	4.0	100.0	0.0	6.0	34709.0	16.0	598.0	508.0	490.0	2.0	17.0	10.0	13.0	7.0	110.0	12161.0	0.0	348.0	26271.0	0.0
Алтайский край	персонал; Государственные, Муниципальные	Образовательные программы магистратуры / 03	239.0	13.0	139.0	6.0	1.0	0.0	0.0	6704.0	35.0	488.0	387.0	386.0	82.0	56.0	35.0	27.0	13.0	43.0	1566.0	0.0	191.0	5829.0	0.0
Алтайский край	персонал; Государственные, Муниципальные	Образовательные программы специалитета / 02	61.0	3.0	25.0	0.0	11.0	0.0	0.0	9851.0	2.0	160.0	0.0	0.0	0.0	3.0	0.0	2.0	0.0	34.0	7093.0	0.0	56.0	9151.0	0.0
Алтайский край	персонал; Частные	Образовательные программы бакалавриата / 01	26.0	0.0	0.0	0.0	0.0	0.0	0.0	651.0	0.0	0.0	0.0	0.0	0.0	0.0	0.0	0.0	0.0	0.0	0.0	0.0	0.0	0.0	0.0
Алтайский край	персонал; Частные	Образовательные программы магистратуры / 03	0.0	0.0	0.0	0.0	0.0	0.0	0.0	0.0	0.0	0.0	0.0	0.0	0.0	0.0	0.0	0.0	0.0	0.0	0.0	0.0	0.0	0.0	0.0
Алтайский край	персонал; Частные	Образовательные программы специалитета / 02	0.0	0.0	0.0	0.0	0.0	0.0	0.0	0.0	0.0	0.0	0.0	0.0	0.0	0.0	0.0	0.0	0.0	0.0	0.0	0.0	0.0	0.0	0.0
Амурская область	персонал; Государственные, Муниципальные	Образовательные программы бакалавриата / 01	125.0	10.0	46.0	21.0	0.0	3.0	114.0	9547.0	1.0	80.0	1.0	1.0	0.0	1.0	0.0	1.0	0.0	125.0	9544.0	0.0	63.0	5509.0	265.0
Амурская область	персонал; Государственные, Муниципальные	Образовательные программы магистратуры / 03	58.0	2.0	12.0	4.0	0.0	4.0	75.0	1636.0	0.0	0.0	0.0	0.0	0.0	0.0	0.0	0.0	0.0	58.0	1630.0	0.0	33.0	802.0	149.0
Амурская область	персонал; Государственные, Муниципальные	Образовательные программы специалитета / 02	31.0	2.0	7.0	7.0	0.0	0.0	11.0	3549.0	1.0	76.0	1.0	1.0	0.0	2.0	0.0	2.0	0.0	31.0	3549.0	0.0	29.0	3208.0	0.0
Архангельская область	персонал; Государственные, Муниципальные	Образовательные программы бакалавриата / 01	170.0	4.0	142.0	78.0	78.0	0.0	161.0	10320.0	83.0	4476.0	4023.0	3303.0	105.0	39.0	1.0	17.0	1.0	148.0	8367.0	0.0	161.0	9616.0	0.0
Архангельская область	персонал; Государственные, Муниципальные	Образовательные программы магистратуры / 03	67.0	1.0	35.0	0.0	0.0	0.0	5.0	2022.0	5.0	88.0	61.0	61.0	32.0	5.0	2.0	5.0	2.0	59.0	1749.0	0.0	43.0	1479.0	0.0
Архангельская область	персонал; Государственные, Муниципальные	Образовательные программы специалитета / 02	25.0	0.0	19.0	7.0	7.0	0.0	122.0	4564.0	7.0	201.0	201.0	196.0	0.0	18.0	0.0	8.0	0.0	22.0	4361.0	0.0	22.0	997.0	0.0
Архангельская область	персонал; Частные	Образовательные программы бакалавриата / 01	12.0	0.0	0.0	0.0	0.0	0.0	0.0	446.0	0.0	0.0	0.0	0.0	0.0	0.0	0.0	0.0	0.0	10.0	284.0	0.0	10.0	284.0	0.0
Архангельская область	персонал; Частные	Образовательные программы магистратуры / 03	2.0	0.0	0.0	0.0	0.0	0.0	0.0	50.0	0.0	0.0	0.0	0.0	0.0	0.0	0.0	0.0	0.0	2.0	50.0	0.0	2.0	50.0	0.0
Архангельская область	персонал; Частные	Образовательные программы специалитета / 02	0.0	0.0	0.0	0.0	0.0	0.0	0.0	0.0	0.0	0.0	0.0	0.0	0.0	0.0	0.0	0.0	0.0	0.0	0.0	0.0	0.0	0.0	0.0
Астраханская область	персонал; Государственные, Муниципальные	Образовательные программы бакалавриата / 01	136.0	1.0	25.0	7.0	0.0	0.0	8.0	15627.0	7.0	115.0	115.0	115.0	0.0	2.0	0.0	2.0	0.0	60.0	9159.0	0.0	61.0	6835.0	0.0
Астраханская область	персонал; Государственные, Муниципальные	Образовательные программы магистратуры / 03	92.0	1.0	2.0	2.0	0.0	0.0	0.0	2848.0	2.0	19.0	19.0	19.0	0.0	1.0	0.0	1.0	0.0	37.0	1523.0	0.0	31.0	1127.0	0.0
Астраханская область	персонал; Государственные, Муниципальные	Образовательные программы специалитета / 02	32.0	0.0	0.0	0.0	0.0	0.0	0.0	8825.0	0.0	0.0	0.0	0.0	0.0	0.0	0.0	0.0	0.0	9.0	1785.0	0.0	9.0	1680.0	0.0
Астраханская область	персонал; Частные	Образовательные программы бакалавриата / 01	7.0	0.0	0.0	0.0	0.0	0.0	0.0	702.0	0.0	0.0	0.0	0.0	0.0	0.0	0.0	0.0	0.0	0.0	0.0	0.0	3.0	302.0	0.0
Астраханская область	персонал; Частные	Образовательные программы магистратуры / 03	0.0	0.0	0.0	0.0	0.0	0.0	0.0	0.0	0.0	0.0	0.0	0.0	0.0	0.0	0.0	0.0	0.0	0.0	0.0	0.0	0.0	0.0	0.0
Астраханская область	персонал; Частные	Образовательные программы специалитета / 02	1.0	0.0	0.0	0.0	0.0	0.0	0.0	131.0	0.0	0.0	0.0	0.0	0.0	0.0	0.0	0.0	0.0	0.0	0.0	0.0	1.0	131.0	0.0
Белгородская область	персонал; Государственные, Муниципальные	Образовательные программы бакалавриата / 01	232.0	66.0	173.0	34.0	44.0	0.0	0.0	28146.0	42.0	3967.0	1587.0	1587.0	605.0	28.0	9.0	24.0	8.0	188.0	18635.0	0.0	182.0	15899.0	0.0
Белгородская область	персонал; Государственные, Муниципальные	Образовательные программы магистратуры / 03	185.0	45.0	127.0	1.0	0.0	0.0	0.0	5626.0	25.0	136.0	108.0	108.0	17.0	23.0	14.0	14.0	8.0	160.0	4450.0	0.0	163.0	3344.0	0.0
Белгородская область	персонал; Государственные, Муниципальные	Образовательные программы специалитета / 02	56.0	13.0	26.0	0.0	2.0	0.0	0.0	10912.0	5.0	390.0	10.0	10.0	0.0	4.0	0.0	2.0	0.0	42.0	8593.0	0.0	42.0	6842.0	0.0
Белгородская область	персонал; Частные	Образовательные программы бакалавриата / 01	58.0	1.0	44.0	44.0	0.0	0.0	0.0	2561.0	4.0	0.0	0.0	0.0	0.0	4.0	4.0	2.0	2.0	44.0	2029.0	0.0	44.0	2029.0	0.0
Белгородская область	персонал; Частные	Образовательные программы магистратуры / 03	28.0	2.0	27.0	3.0	0.0	0.0	0.0	405.0	0.0	0.0	0.0	0.0	0.0	0.0	0.0	0.0	0.0	27.0	398.0	0.0	27.0	398.0	0.0
Белгородская область	персонал; Частные	Образовательные программы специалитета / 02	8.0	0.0	8.0	0.0	0.0	0.0	0.0	419.0	0.0	0.0	0.0	0.0	0.0	0.0	0.0	0.0	0.0	8.0	419.0	0.0	8.0	419.0	0.0
Брянская область	персонал; Государственные, Муниципальные	Образовательные программы бакалавриата / 01	218.0	15.0	6.0	0.0	0.0	0.0	0.0	15938.0	0.0	0.0	0.0	0.0	0.0	0.0	0.0	0.0	0.0	99.0	5825.0	0.0	99.0	5825.0	0.0
Брянская область	персонал; Государственные, Муниципальные	Образовательные программы магистратуры / 03	104.0	4.0	0.0	0.0	0.0	0.0	0.0	3003.0	0.0	0.0	0.0	0.0	0.0	0.0	0.0	0.0	0.0	52.0	1259.0	0.0	52.0	1259.0	0.0
Брянская область	персонал; Государственные, Муниципальные	Образовательные программы специалитета / 02	21.0	2.0	2.0	0.0	0.0	0.0	0.0	2957.0	1.0	260.0	260.0	260.0	0.0	2.0	0.0	1.0	0.0	7.0	811.0	0.0	7.0	811.0	0.0
Брянская область	персонал; Частные	Образовательные программы бакалавриата / 01	5.0	0.0	0.0	0.0	0.0	0.0	0.0	626.0	0.0	0.0	0.0	0.0	0.0	0.0	0.0	0.0	0.0	0.0	0.0	0.0	0.0	0.0	0.0
Брянская область	персонал; Частные	Образовательные программы магистратуры / 03	0.0	0.0	0.0	0.0	0.0	0.0	0.0	0.0	0.0	0.0	0.0	0.0	0.0	0.0	0.0	0.0	0.0	0.0	0.0	0.0	0.0	0.0	0.0
Брянская область	персонал; Частные	Образовательные программы специалитета / 02	0.0	0.0	0.0	0.0	0.0	0.0	0.0	0.0	0.0	0.0	0.0	0.0	0.0	0.0	0.0	0.0	0.0	0.0	0.0	0.0	0.0	0.0	0.0
Владимирская область	персонал; Государственные, Муниципальные	Образовательные программы бакалавриата / 01	172.0	5.0	31.0	2.0	0.0	0.0	0.0	18291.0	4.0	104.0	104.0	104.0	104.0	4.0	4.0	3.0	3.0	110.0	16880.0	0.0	117.0	17199.0	0.0
Владимирская область	персонал; Государственные, Муниципальные	Образовательные программы магистратуры / 03	64.0	7.0	1.0	1.0	0.0	0.0	0.0	3040.0	0.0	0.0	0.0	0.0	0.0	0.0	0.0	0.0	0.0	62.0	2978.0	0.0	64.0	3040.0	0.0
Владимирская область	персонал; Государственные, Муниципальные	Образовательные программы специалитета / 02	13.0	0.0	8.0	0.0	0.0	0.0	0.0	2309.0	0.0	0.0	0.0	0.0	0.0	0.0	0.0	0.0	0.0	12.0	2293.0	0.0	13.0	2309.0	0.0
Владимирская область	персонал; Частные	Образовательные программы бакалавриата / 01	20.0	2.0	0.0	0.0	0.0	0.0	0.0	456.0	0.0	0.0	0.0	0.0	0.0	0.0	0.0	0.0	0.0	0.0	0.0	0.0	0.0	0.0	0.0
Владимирская область	персонал; Частные	Образовательные программы магистратуры / 03	0.0	0.0	0.0	0.0	0.0	0.0	0.0	0.0	0.0	0.0	0.0	0.0	0.0	0.0	0.0	0.0	0.0	0.0	0.0	0.0	0.0	0.0	0.0
Владимирская область	персонал; Частные	Образовательные программы специалитета / 02	4.0	4.0	0.0	0.0	0.0	0.0	0.0	138.0	0.0	0.0	0.0	0.0	0.0	0.0	0.0	0.0	0.0	0.0	0.0	0.0	0.0	0.0	0.0
Волгоградская область	персонал; Государственные, Муниципальные	Образовательные программы бакалавриата / 01	367.0	23.0	51.0	0.0	3.0	0.0	3.0	36202.0	0.0	0.0	0.0	0.0	0.0	0.0	0.0	0.0	0.0	226.0	8993.0	14.0	288.0	21486.0	0.0
Волгоградская область	персонал; Государственные, Муниципальные	Образовательные программы магистратуры / 03	244.0	9.0	3.0	0.0	3.0	0.0	1.0	5943.0	2.0	0.0	0.0	0.0	0.0	2.0	0.0	2.0	0.0	164.0	1825.0	24.0	166.0	3339.0	0.0
Волгоградская область	персонал; Государственные, Муниципальные	Образовательные программы специалитета / 02	64.0	4.0	5.0	0.0	5.0	0.0	2.0	12463.0	0.0	0.0	0.0	0.0	0.0	0.0	0.0	0.0	0.0	50.0	8846.0	0.0	45.0	9248.0	0.0
Волгоградская область	персонал; Частные	Образовательные программы бакалавриата / 01	49.0	0.0	0.0	0.0	0.0	0.0	0.0	2576.0	5.0	100.0	5.0	0.0	0.0	1.0	0.0	1.0	0.0	5.0	176.0	0.0	23.0	1457.0	0.0
Волгоградская область	персонал; Частные	Образовательные программы магистратуры / 03	10.0	0.0	0.0	0.0	0.0	0.0	0.0	119.0	2.0	5.0	2.0	0.0	0.0	1.0	0.0	1.0	0.0	0.0	0.0	0.0	2.0	5.0	0.0
Волгоградская область	персонал; Частные	Образовательные программы специалитета / 02	12.0	0.0	0.0	0.0	0.0	0.0	0.0	378.0	0.0	0.0	0.0	0.0	0.0	0.0	0.0	0.0	0.0	0.0	0.0	0.0	0.0	0.0	0.0
Вологодская область	персонал; Государственные, Муниципальные	Образовательные программы бакалавриата / 01	216.0	17.0	105.0	102.0	3.0	0.0	4.0	15254.0	3.0	46.0	46.0	46.0	0.0	2.0	0.0	2.0	0.0	196.0	12146.0	0.0	213.0	14670.0	0.0
Вологодская область	персонал; Государственные, Муниципальные	Образовательные программы магистратуры / 03	85.0	9.0	44.0	44.0	0.0	0.0	0.0	1744.0	3.0	35.0	35.0	35.0	0.0	4.0	0.0	4.0	0.0	72.0	1171.0	0.0	82.0	1431.0	0.0
Вологодская область	персонал; Государственные, Муниципальные	Образовательные программы специалитета / 02	17.0	1.0	7.0	7.0	0.0	0.0	0.0	1532.0	0.0	0.0	0.0	0.0	0.0	0.0	0.0	0.0	0.0	12.0	528.0	0.0	13.0	1260.0	0.0
Воронежская область	персонал; Государственные, Муниципальные	Образовательные программы бакалавриата / 01	679.0	397.0	16.0	9.0	0.0	0.0	0.0	53672.0	2.0	18.0	1.0	1.0	0.0	1.0	0.0	1.0	0.0	228.0	22766.0	0.0	228.0	21100.0	214.0
Воронежская область	персонал; Государственные, Муниципальные	Образовательные программы магистратуры / 03	402.0	154.0	7.0	6.0	0.0	0.0	0.0	10999.0	2.0	62.0	46.0	46.0	0.0	3.0	0.0	2.0	0.0	160.0	4663.0	0.0	161.0	3346.0	171.0
Воронежская область	персонал; Государственные, Муниципальные	Образовательные программы специалитета / 02	130.0	10.0	4.0	4.0	0.0	0.0	0.0	17435.0	0.0	0.0	0.0	0.0	0.0	0.0	0.0	0.0	0.0	63.0	13029.0	0.0	63.0	10889.0	65.0
Воронежская область	персонал; Частные	Образовательные программы бакалавриата / 01	45.0	2.0	0.0	0.0	0.0	0.0	0.0	4619.0	0.0	0.0	0.0	0.0	0.0	0.0	0.0	0.0	0.0	7.0	817.0	0.0	15.0	1488.0	0.0
Воронежская область	персонал; Частные	Образовательные программы магистратуры / 03	6.0	1.0	0.0	0.0	0.0	0.0	0.0	422.0	0.0	0.0	0.0	0.0	0.0	0.0	0.0	0.0	0.0	0.0	0.0	0.0	0.0	0.0	0.0
Воронежская область	персонал; Частные	Образовательные программы специалитета / 02	5.0	0.0	0.0	0.0	0.0	0.0	0.0	294.0	0.0	0.0	0.0	0.0	0.0	0.0	0.0	0.0	0.0	0.0	0.0	0.0	2.0	225.0	0.0
Еврейская автономная область	персонал; Государственные, Муниципальные	Образовательные программы бакалавриата / 01	43.0	3.0	0.0	0.0	0.0	0.0	0.0	1542.0	1.0	8.0	8.0	8.0	0.0	1.0	0.0	1.0	0.0	43.0	1542.0	0.0	21.0	272.0	0.0
Еврейская автономная область	персонал; Государственные, Муниципальные	Образовательные программы магистратуры / 03	20.0	0.0	0.0	0.0	0.0	0.0	0.0	385.0	0.0	0.0	0.0	0.0	0.0	0.0	0.0	0.0	0.0	20.0	385.0	0.0	1.0	10.0	0.0
Еврейская автономная область	персонал; Государственные, Муниципальные	Образовательные программы специалитета / 02	1.0	0.0	0.0	0.0	0.0	0.0	0.0	14.0	0.0	0.0	0.0	0.0	0.0	0.0	0.0	0.0	0.0	1.0	14.0	0.0	0.0	0.0	0.0
Забайкальский край	персонал; Государственные, Муниципальные	Образовательные программы бакалавриата / 01	101.0	8.0	1.0	1.0	0.0	0.0	0.0	10232.0	2.0	55.0	55.0	55.0	0.0	2.0	0.0	2.0	0.0	80.0	8034.0	0.0	12.0	213.0	0.0
Забайкальский край	персонал; Государственные, Муниципальные	Образовательные программы магистратуры / 03	59.0	2.0	1.0	1.0	0.0	0.0	0.0	1761.0	1.0	14.0	14.0	14.0	0.0	1.0	0.0	1.0	0.0	59.0	1760.0	0.0	42.0	732.0	0.0
Забайкальский край	персонал; Государственные, Муниципальные	Образовательные программы специалитета / 02	25.0	11.0	0.0	0.0	0.0	0.0	0.0	7102.0	0.0	0.0	0.0	0.0	0.0	0.0	0.0	0.0	0.0	14.0	4846.0	0.0	3.0	2675.0	0.0
Ивановская область	персонал; Государственные, Муниципальные	Образовательные программы бакалавриата / 01	243.0	0.0	45.0	0.0	0.0	0.0	0.0	16030.0	0.0	0.0	0.0	0.0	0.0	0.0	0.0	0.0	0.0	85.0	3883.0	0.0	144.0	4830.0	131.0
Ивановская область	персонал; Государственные, Муниципальные	Образовательные программы магистратуры / 03	108.0	0.0	0.0	0.0	0.0	0.0	0.0	2515.0	0.0	0.0	0.0	0.0	0.0	0.0	0.0	0.0	0.0	23.0	375.0	0.0	44.0	436.0	171.0
Ивановская область	персонал; Государственные, Муниципальные	Образовательные программы специалитета / 02	20.0	0.0	4.0	0.0	0.0	0.0	0.0	3990.0	0.0	0.0	0.0	0.0	0.0	0.0	0.0	0.0	0.0	12.0	3391.0	0.0	15.0	3528.0	120.0
Ивановская область	персонал; Частные	Образовательные программы бакалавриата / 01	7.0	0.0	0.0	0.0	0.0	0.0	0.0	640.0	0.0	0.0	0.0	0.0	0.0	0.0	0.0	0.0	0.0	0.0	0.0	0.0	3.0	294.0	0.0
Ивановская область	персонал; Частные	Образовательные программы магистратуры / 03	0.0	0.0	0.0	0.0	0.0	0.0	0.0	0.0	0.0	0.0	0.0	0.0	0.0	0.0	0.0	0.0	0.0	0.0	0.0	0.0	0.0	0.0	0.0
Ивановская область	персонал; Частные	Образовательные программы специалитета / 02	0.0	0.0	0.0	0.0	0.0	0.0	0.0	0.0	0.0	0.0	0.0	0.0	0.0	0.0	0.0	0.0	0.0	0.0	0.0	0.0	0.0	0.0	0.0
Иркутская область	персонал; Государственные, Муниципальные	Образовательные программы бакалавриата / 01	399.0	10.0	192.0	13.0	0.0	0.0	6.0	39159.0	2.0	35.0	35.0	35.0	10.0	2.0	1.0	2.0	1.0	278.0	24418.0	0.0	293.0	25897.0	182.0
Иркутская область	персонал; Государственные, Муниципальные	Образовательные программы магистратуры / 03	248.0	11.0	0.0	0.0	0.0	0.0	0.0	7306.0	6.0	66.0	66.0	49.0	29.0	6.0	2.0	3.0	1.0	158.0	4041.0	0.0	174.0	4497.0	150.0
Иркутская область	персонал; Государственные, Муниципальные	Образовательные программы специалитета / 02	61.0	7.0	8.0	3.0	0.0	0.0	4.0	16441.0	0.0	0.0	0.0	0.0	0.0	0.0	0.0	0.0	0.0	30.0	4418.0	0.0	38.0	4659.0	259.0
Иркутская область	персонал; Частные	Образовательные программы бакалавриата / 01	5.0	0.0	0.0	0.0	0.0	0.0	0.0	1202.0	0.0	0.0	0.0	0.0	0.0	0.0	0.0	0.0	0.0	5.0	1202.0	0.0	5.0	1202.0	0.0
Иркутская область	персонал; Частные	Образовательные программы магистратуры / 03	3.0	0.0	0.0	0.0	0.0	0.0	0.0	89.0	0.0	0.0	0.0	0.0	0.0	0.0	0.0	0.0	0.0	3.0	89.0	0.0	3.0	89.0	0.0
Иркутская область	персонал; Частные	Образовательные программы специалитета / 02	0.0	0.0	0.0	0.0	0.0	0.0	0.0	0.0	0.0	0.0	0.0	0.0	0.0	0.0	0.0	0.0	0.0	0.0	0.0	0.0	0.0	0.0	0.0
Кабардино-Балкарская Республика	персонал; Государственные, Муниципальные	Образовательные программы бакалавриата / 01	162.0	2.0	25.0	17.0	0.0	0.0	1.0	8180.0	0.0	0.0	0.0	0.0	0.0	0.0	0.0	0.0	0.0	109.0	5225.0	0.0	111.0	5234.0	0.0
Кабардино-Балкарская Республика	персонал; Государственные, Муниципальные	Образовательные программы магистратуры / 03	89.0	2.0	11.0	11.0	3.0	0.0	0.0	2308.0	0.0	0.0	0.0	0.0	0.0	0.0	0.0	0.0	0.0	54.0	1812.0	0.0	59.0	1822.0	0.0
Кабардино-Балкарская Республика	персонал; Государственные, Муниципальные	Образовательные программы специалитета / 02	27.0	0.0	0.0	0.0	0.0	0.0	0.0	5426.0	0.0	0.0	0.0	0.0	0.0	0.0	0.0	0.0	0.0	17.0	5218.0	0.0	18.0	5238.0	0.0
Калининградская область	персонал; Государственные, Муниципальные	Образовательные программы бакалавриата / 01	85.0	2.0	39.0	2.0	1.0	0.0	0.0	12054.0	6.0	154.0	1.0	0.0	0.0	6.0	0.0	10.0	0.0	67.0	10263.0	0.0	72.0	11053.0	0.0
Калининградская область	персонал; Государственные, Муниципальные	Образовательные программы магистратуры / 03	53.0	10.0	3.0	0.0	0.0	0.0	0.0	2038.0	8.0	236.0	99.0	99.0	0.0	8.0	0.0	1.0	0.0	51.0	1886.0	0.0	51.0	1886.0	0.0
Калининградская область	персонал; Государственные, Муниципальные	Образовательные программы специалитета / 02	15.0	1.0	11.0	1.0	0.0	0.0	0.0	4297.0	1.0	165.0	165.0	165.0	0.0	1.0	0.0	0.0	0.0	11.0	3623.0	0.0	11.0	3623.0	0.0
Калининградская область	персонал; Частные	Образовательные программы бакалавриата / 01	16.0	1.0	0.0	0.0	0.0	0.0	0.0	1528.0	0.0	0.0	0.0	0.0	0.0	0.0	0.0	0.0	0.0	3.0	260.0	0.0	6.0	302.0	0.0
Калининградская область	персонал; Частные	Образовательные программы магистратуры / 03	2.0	0.0	0.0	0.0	0.0	0.0	0.0	256.0	0.0	0.0	0.0	0.0	0.0	0.0	0.0	0.0	0.0	0.0	0.0	0.0	0.0	0.0	0.0
Калининградская область	персонал; Частные	Образовательные программы специалитета / 02	6.0	0.0	0.0	0.0	0.0	0.0	0.0	1354.0	0.0	0.0	0.0	0.0	0.0	0.0	0.0	0.0	0.0	0.0	0.0	0.0	0.0	0.0	0.0
Калужская область	персонал; Государственные, Муниципальные	Образовательные программы бакалавриата / 01	184.0	13.0	37.0	22.0	0.0	0.0	6.0	10463.0	0.0	0.0	0.0	0.0	0.0	0.0	0.0	0.0	0.0	36.0	2119.0	0.0	22.0	1857.0	0.0
Калужская область	персонал; Государственные, Муниципальные	Образовательные программы магистратуры / 03	67.0	3.0	0.0	0.0	0.0	0.0	0.0	2108.0	0.0	0.0	0.0	0.0	0.0	0.0	0.0	0.0	0.0	21.0	853.0	0.0	3.0	547.0	0.0
Калужская область	персонал; Государственные, Муниципальные	Образовательные программы специалитета / 02	45.0	5.0	19.0	7.0	0.0	0.0	5.0	5171.0	0.0	0.0	0.0	0.0	0.0	0.0	0.0	0.0	0.0	17.0	2198.0	0.0	14.0	1800.0	0.0
Калужская область	персонал; Частные	Образовательные программы бакалавриата / 01	25.0	0.0	0.0	0.0	0.0	0.0	0.0	1841.0	0.0	0.0	0.0	0.0	0.0	0.0	0.0	0.0	0.0	11.0	711.0	0.0	24.0	1801.0	0.0
Калужская область	персонал; Частные	Образовательные программы магистратуры / 03	3.0	0.0	0.0	0.0	0.0	0.0	0.0	17.0	0.0	0.0	0.0	0.0	0.0	0.0	0.0	0.0	0.0	0.0	0.0	0.0	3.0	17.0	0.0
Калужская область	персонал; Частные	Образовательные программы специалитета / 02	0.0	0.0	0.0	0.0	0.0	0.0	0.0	0.0	0.0	0.0	0.0	0.0	0.0	0.0	0.0	0.0	0.0	0.0	0.0	0.0	0.0	0.0	0.0
Камчатский край	персонал; Государственные, Муниципальные	Образовательные программы бакалавриата / 01	62.0	10.0	1.0	0.0	0.0	0.0	0.0	2658.0	0.0	0.0	0.0	0.0	0.0	0.0	0.0	0.0	0.0	1.0	65.0	0.0	0.0	0.0	0.0
Камчатский край	персонал; Государственные, Муниципальные	Образовательные программы магистратуры / 03	33.0	4.0	1.0	0.0	0.0	0.0	0.0	383.0	1.0	5.0	1.0	1.0	0.0	3.0	0.0	3.0	0.0	1.0	63.0	0.0	0.0	0.0	0.0
Камчатский край	персонал; Государственные, Муниципальные	Образовательные программы специалитета / 02	4.0	0.0	0.0	0.0	0.0	0.0	0.0	603.0	0.0	0.0	0.0	0.0	0.0	0.0	0.0	0.0	0.0	0.0	0.0	0.0	0.0	0.0	0.0
Камчатский край	персонал; Частные	Образовательные программы бакалавриата / 01	5.0	2.0	0.0	0.0	0.0	0.0	0.0	280.0	0.0	0.0	0.0	0.0	0.0	0.0	0.0	0.0	0.0	0.0	0.0	0.0	0.0	0.0	0.0
Камчатский край	персонал; Частные	Образовательные программы магистратуры / 03	0.0	0.0	0.0	0.0	0.0	0.0	0.0	0.0	0.0	0.0	0.0	0.0	0.0	0.0	0.0	0.0	0.0	0.0	0.0	0.0	0.0	0.0	0.0
Камчатский край	персонал; Частные	Образовательные программы специалитета / 02	4.0	0.0	0.0	0.0	0.0	0.0	0.0	248.0	0.0	0.0	0.0	0.0	0.0	0.0	0.0	0.0	0.0	0.0	0.0	0.0	0.0	0.0	0.0
Карачаево-Черкесская Республика	персонал; Государственные, Муниципальные	Образовательные программы бакалавриата / 01	70.0	0.0	0.0	0.0	0.0	0.0	0.0	6780.0	0.0	0.0	0.0	0.0	0.0	0.0	0.0	0.0	0.0	0.0	0.0	0.0	20.0	43.0	0.0
Карачаево-Черкесская Республика	персонал; Государственные, Муниципальные	Образовательные программы магистратуры / 03	41.0	0.0	1.0	1.0	0.0	0.0	3.0	812.0	0.0	0.0	0.0	0.0	0.0	0.0	0.0	0.0	0.0	0.0	0.0	0.0	12.0	56.0	0.0
Карачаево-Черкесская Республика	персонал; Государственные, Муниципальные	Образовательные программы специалитета / 02	8.0	0.0	0.0	0.0	0.0	0.0	0.0	1941.0	0.0	0.0	0.0	0.0	0.0	0.0	0.0	0.0	0.0	0.0	0.0	0.0	3.0	0.0	0.0
Карачаево-Черкесская Республика	персонал; Частные	Образовательные программы бакалавриата / 01	6.0	0.0	0.0	0.0	0.0	0.0	0.0	282.0	0.0	0.0	0.0	0.0	0.0	0.0	0.0	0.0	0.0	0.0	0.0	0.0	0.0	0.0	0.0
Карачаево-Черкесская Республика	персонал; Частные	Образовательные программы магистратуры / 03	0.0	0.0	0.0	0.0	0.0	0.0	0.0	0.0	0.0	0.0	0.0	0.0	0.0	0.0	0.0	0.0	0.0	0.0	0.0	0.0	0.0	0.0	0.0
Карачаево-Черкесская Республика	персонал; Частные	Образовательные программы специалитета / 02	2.0	0.0	0.0	0.0	0.0	0.0	0.0	759.0	0.0	0.0	0.0	0.0	0.0	0.0	0.0	0.0	0.0	0.0	0.0	0.0	0.0	0.0	0.0
Кемеровская область	персонал; Государственные, Муниципальные	Образовательные программы бакалавриата / 01	230.0	9.0	49.0	4.0	13.0	7.0	675.0	27654.0	6.0	45.0	21.0	21.0	0.0	1.0	0.0	1.0	0.0	146.0	17152.0	83.0	101.0	9370.0	83.0
Кемеровская область	персонал; Государственные, Муниципальные	Образовательные программы магистратуры / 03	109.0	1.0	5.0	3.0	2.0	2.0	43.0	4295.0	5.0	198.0	198.0	177.0	0.0	5.0	0.0	5.0	0.0	65.0	2017.0	50.0	43.0	1211.0	50.0
Кемеровская область	персонал; Государственные, Муниципальные	Образовательные программы специалитета / 02	63.0	7.0	14.0	7.0	3.0	2.0	173.0	12533.0	1.0	169.0	169.0	169.0	0.0	1.0	0.0	1.0	0.0	37.0	9201.0	23.0	38.0	8905.0	90.0
Кемеровская область	персонал; Частные	Образовательные программы бакалавриата / 01	1.0	1.0	0.0	0.0	0.0	0.0	0.0	17.0	0.0	0.0	0.0	0.0	0.0	0.0	0.0	0.0	0.0	1.0	17.0	0.0	0.0	0.0	0.0
Кемеровская область	персонал; Частные	Образовательные программы магистратуры / 03	0.0	0.0	0.0	0.0	0.0	0.0	0.0	0.0	0.0	0.0	0.0	0.0	0.0	0.0	0.0	0.0	0.0	0.0	0.0	0.0	0.0	0.0	0.0
Кемеровская область	персонал; Частные	Образовательные программы специалитета / 02	0.0	0.0	0.0	0.0	0.0	0.0	0.0	0.0	0.0	0.0	0.0	0.0	0.0	0.0	0.0	0.0	0.0	0.0	0.0	0.0	0.0	0.0	0.0
Кировская область	персонал; Государственные, Муниципальные	Образовательные программы бакалавриата / 01	142.0	3.0	108.0	48.0	103.0	0.0	504.0	15546.0	0.0	0.0	0.0	0.0	0.0	0.0	0.0	0.0	0.0	107.0	12164.0	0.0	107.0	12164.0	0.0
Кировская область	персонал; Государственные, Муниципальные	Образовательные программы магистратуры / 03	93.0	1.0	72.0	13.0	72.0	0.0	158.0	2813.0	0.0	0.0	0.0	0.0	0.0	0.0	0.0	0.0	0.0	72.0	2037.0	0.0	72.0	2037.0	0.0
Кировская область	персонал; Государственные, Муниципальные	Образовательные программы специалитета / 02	18.0	1.0	8.0	8.0	8.0	0.0	0.0	5141.0	0.0	0.0	0.0	0.0	0.0	0.0	0.0	0.0	0.0	13.0	4116.0	0.0	13.0	4116.0	0.0
Кировская область	персонал; Частные	Образовательные программы бакалавриата / 01	18.0	0.0	0.0	0.0	0.0	0.0	0.0	1067.0	0.0	0.0	0.0	0.0	0.0	0.0	0.0	0.0	0.0	7.0	197.0	0.0	7.0	197.0	0.0
Кировская область	персонал; Частные	Образовательные программы магистратуры / 03	0.0	0.0	0.0	0.0	0.0	0.0	0.0	0.0	0.0	0.0	0.0	0.0	0.0	0.0	0.0	0.0	0.0	0.0	0.0	0.0	0.0	0.0	0.0
Кировская область	персонал; Частные	Образовательные программы специалитета / 02	4.0	0.0	0.0	0.0	0.0	0.0	0.0	688.0	0.0	0.0	0.0	0.0	0.0	0.0	0.0	0.0	0.0	1.0	367.0	0.0	1.0	367.0	0.0
Костромская область	персонал; Государственные, Муниципальные	Образовательные программы бакалавриата / 01	122.0	18.0	27.0	0.0	27.0	0.0	0.0	7855.0	0.0	0.0	0.0	0.0	0.0	0.0	0.0	0.0	0.0	0.0	0.0	0.0	27.0	2859.0	0.0
Костромская область	персонал; Государственные, Муниципальные	Образовательные программы магистратуры / 03	52.0	7.0	8.0	0.0	8.0	0.0	0.0	1095.0	0.0	0.0	0.0	0.0	0.0	0.0	0.0	0.0	0.0	0.0	0.0	0.0	8.0	235.0	0.0
Костромская область	персонал; Государственные, Муниципальные	Образовательные программы специалитета / 02	9.0	4.0	6.0	0.0	4.0	0.0	0.0	858.0	0.0	0.0	0.0	0.0	0.0	0.0	0.0	0.0	0.0	0.0	0.0	0.0	6.0	625.0	0.0
Краснодарский край	персонал; Государственные, Муниципальные	Образовательные программы бакалавриата / 01	478.0	73.0	43.0	0.0	0.0	4.0	14.0	63908.0	1.0	15.0	15.0	15.0	0.0	1.0	0.0	1.0	0.0	209.0	32085.0	0.0	145.0	12847.0	4.0
Краснодарский край	персонал; Государственные, Муниципальные	Образовательные программы магистратуры / 03	235.0	44.0	2.0	0.0	0.0	0.0	5.0	12153.0	1.0	23.0	0.0	0.0	0.0	2.0	0.0	1.0	0.0	91.0	6487.0	0.0	62.0	2770.0	0.0
Краснодарский край	персонал; Государственные, Муниципальные	Образовательные программы специалитета / 02	56.0	13.0	0.0	0.0	0.0	0.0	0.0	16081.0	0.0	0.0	0.0	0.0	0.0	0.0	0.0	0.0	0.0	17.0	4375.0	0.0	9.0	1799.0	0.0
Краснодарский край	персонал; Частные	Образовательные программы бакалавриата / 01	64.0	6.0	0.0	0.0	0.0	0.0	0.0	6985.0	4.0	137.0	0.0	0.0	0.0	3.0	0.0	0.0	0.0	20.0	2393.0	0.0	8.0	716.0	0.0
Краснодарский край	персонал; Частные	Образовательные программы магистратуры / 03	24.0	3.0	9.0	9.0	0.0	0.0	1.0	691.0	3.0	36.0	9.0	9.0	0.0	4.0	0.0	3.0	0.0	7.0	274.0	0.0	1.0	3.0	0.0
Краснодарский край	персонал; Частные	Образовательные программы специалитета / 02	10.0	0.0	0.0	0.0	0.0	0.0	0.0	1600.0	0.0	0.0	0.0	0.0	0.0	0.0	0.0	0.0	0.0	5.0	695.0	0.0	4.0	673.0	0.0
Красноярский край	персонал; Государственные, Муниципальные	Образовательные программы бакалавриата / 01	490.0	11.0	65.0	0.0	65.0	1.0	16.0	42256.0	0.0	0.0	0.0	0.0	0.0	0.0	0.0	0.0	0.0	161.0	18158.0	752.0	145.0	16213.0	613.0
Красноярский край	персонал; Государственные, Муниципальные	Образовательные программы магистратуры / 03	330.0	9.0	30.0	0.0	30.0	1.0	13.0	7974.0	0.0	0.0	0.0	0.0	0.0	0.0	0.0	0.0	0.0	81.0	3260.0	342.0	76.0	2677.0	391.0
Красноярский край	персонал; Государственные, Муниципальные	Образовательные программы специалитета / 02	111.0	3.0	3.0	0.0	3.0	0.0	2.0	14168.0	0.0	0.0	0.0	0.0	0.0	0.0	0.0	0.0	0.0	67.0	9828.0	141.0	30.0	8437.0	523.0
Красноярский край	персонал; Частные	Образовательные программы бакалавриата / 01	16.0	0.0	0.0	0.0	0.0	0.0	0.0	1075.0	0.0	0.0	0.0	0.0	0.0	0.0	0.0	0.0	0.0	8.0	684.0	0.0	8.0	531.0	0.0
Красноярский край	персонал; Частные	Образовательные программы магистратуры / 03	0.0	0.0	0.0	0.0	0.0	0.0	0.0	0.0	0.0	0.0	0.0	0.0	0.0	0.0	0.0	0.0	0.0	0.0	0.0	0.0	0.0	0.0	0.0
Красноярский край	персонал; Частные	Образовательные программы специалитета / 02	0.0	0.0	0.0	0.0	0.0	0.0	0.0	0.0	0.0	0.0	0.0	0.0	0.0	0.0	0.0	0.0	0.0	0.0	0.0	0.0	0.0	0.0	0.0
Курганская область	персонал; Государственные, Муниципальные	Образовательные программы бакалавриата / 01	130.0	20.0	3.0	0.0	0.0	0.0	6.0	11238.0	0.0	0.0	0.0	0.0	0.0	0.0	0.0	0.0	0.0	47.0	4076.0	0.0	117.0	9331.0	0.0
Курганская область	персонал; Государственные, Муниципальные	Образовательные программы магистратуры / 03	58.0	6.0	0.0	0.0	0.0	0.0	0.0	1314.0	0.0	0.0	0.0	0.0	0.0	0.0	0.0	0.0	0.0	25.0	591.0	0.0	52.0	1128.0	0.0
Курганская область	персонал; Государственные, Муниципальные	Образовательные программы специалитета / 02	16.0	3.0	0.0	0.0	0.0	0.0	0.0	1358.0	1.0	15.0	15.0	15.0	0.0	1.0	0.0	1.0	0.0	0.0	0.0	0.0	11.0	924.0	0.0
Курганская область	персонал; Частные	Образовательные программы бакалавриата / 01	9.0	0.0	9.0	0.0	0.0	0.0	0.0	150.0	0.0	0.0	0.0	0.0	0.0	0.0	0.0	0.0	0.0	0.0	0.0	0.0	9.0	150.0	0.0
Курганская область	персонал; Частные	Образовательные программы магистратуры / 03	0.0	0.0	0.0	0.0	0.0	0.0	0.0	0.0	0.0	0.0	0.0	0.0	0.0	0.0	0.0	0.0	0.0	0.0	0.0	0.0	0.0	0.0	0.0
Курганская область	персонал; Частные	Образовательные программы специалитета / 02	0.0	0.0	0.0	0.0	0.0	0.0	0.0	0.0	0.0	0.0	0.0	0.0	0.0	0.0	0.0	0.0	0.0	0.0	0.0	0.0	0.0	0.0	0.0
Курская область	персонал; Государственные, Муниципальные	Образовательные программы бакалавриата / 01	285.0	14.0	89.0	0.0	0.0	0.0	32.0	18340.0	2.0	45.0	45.0	45.0	25.0	4.0	2.0	2.0	1.0	31.0	1027.0	0.0	170.0	10979.0	3942.0
Курская область	персонал; Государственные, Муниципальные	Образовательные программы магистратуры / 03	187.0	1.0	10.0	0.0	0.0	0.0	17.0	5328.0	1.0	15.0	15.0	15.0	0.0	1.0	0.0	1.0	0.0	17.0	289.0	0.0	109.0	2839.0	1368.0
Курская область	персонал; Государственные, Муниципальные	Образовательные программы специалитета / 02	37.0	2.0	24.0	0.0	0.0	0.0	2.0	10311.0	4.0	342.0	342.0	342.0	342.0	15.0	15.0	3.0	3.0	1.0	46.0	0.0	7.0	923.0	70.0
Курская область	персонал; Частные	Образовательные программы бакалавриата / 01	30.0	0.0	14.0	14.0	14.0	0.0	0.0	2870.0	0.0	0.0	0.0	0.0	0.0	0.0	0.0	0.0	0.0	17.0	963.0	498.0	26.0	2358.0	498.0
Курская область	персонал; Частные	Образовательные программы магистратуры / 03	11.0	0.0	0.0	0.0	0.0	0.0	0.0	208.0	0.0	0.0	0.0	0.0	0.0	0.0	0.0	0.0	0.0	0.0	0.0	0.0	10.0	151.0	0.0
Курская область	персонал; Частные	Образовательные программы специалитета / 02	0.0	0.0	0.0	0.0	0.0	0.0	0.0	0.0	0.0	0.0	0.0	0.0	0.0	0.0	0.0	0.0	0.0	0.0	0.0	0.0	0.0	0.0	0.0
Ленинградская область	персонал; Государственные, Муниципальные	Образовательные программы бакалавриата / 01	74.0	0.0	2.0	0.0	2.0	0.0	3.0	5449.0	0.0	0.0	0.0	0.0	0.0	0.0	0.0	0.0	0.0	43.0	859.0	0.0	52.0	2776.0	0.0
Ленинградская область	персонал; Государственные, Муниципальные	Образовательные программы магистратуры / 03	8.0	0.0	0.0	0.0	0.0	0.0	0.0	594.0	0.0	0.0	0.0	0.0	0.0	0.0	0.0	0.0	0.0	0.0	0.0	0.0	3.0	287.0	0.0
Ленинградская область	персонал; Государственные, Муниципальные	Образовательные программы специалитета / 02	8.0	0.0	2.0	1.0	2.0	0.0	6.0	398.0	0.0	0.0	0.0	0.0	0.0	0.0	0.0	0.0	0.0	8.0	398.0	0.0	8.0	398.0	0.0
Липецкая область	персонал; Государственные, Муниципальные	Образовательные программы бакалавриата / 01	410.0	50.0	51.0	6.0	4.0	5.0	4.0	13565.0	7.0	315.0	2.0	2.0	1.0	4.0	1.0	4.0	1.0	127.0	5033.0	0.0	102.0	2828.0	0.0
Липецкая область	персонал; Государственные, Муниципальные	Образовательные программы магистратуры / 03	199.0	25.0	4.0	3.0	0.0	0.0	0.0	2607.0	1.0	0.0	0.0	0.0	0.0	1.0	0.0	1.0	0.0	73.0	1278.0	0.0	65.0	842.0	0.0
Липецкая область	персонал; Государственные, Муниципальные	Образовательные программы специалитета / 02	31.0	1.0	4.0	0.0	0.0	0.0	0.0	1101.0	0.0	0.0	0.0	0.0	0.0	0.0	0.0	0.0	0.0	22.0	1014.0	0.0	17.0	462.0	0.0
Липецкая область	персонал; Частные	Образовательные программы бакалавриата / 01	20.0	0.0	0.0	0.0	0.0	0.0	0.0	1041.0	0.0	0.0	0.0	0.0	0.0	0.0	0.0	0.0	0.0	7.0	317.0	0.0	7.0	317.0	0.0
Липецкая область	персонал; Частные	Образовательные программы магистратуры / 03	0.0	0.0	0.0	0.0	0.0	0.0	0.0	0.0	0.0	0.0	0.0	0.0	0.0	0.0	0.0	0.0	0.0	0.0	0.0	0.0	0.0	0.0	0.0
Липецкая область	персонал; Частные	Образовательные программы специалитета / 02	0.0	0.0	0.0	0.0	0.0	0.0	0.0	0.0	0.0	0.0	0.0	0.0	0.0	0.0	0.0	0.0	0.0	0.0	0.0	0.0	0.0	0.0	0.0
Магаданская область	персонал; Государственные, Муниципальные	Образовательные программы бакалавриата / 01	39.0	0.0	0.0	0.0	0.0	0.0	0.0	1794.0	0.0	0.0	0.0	0.0	0.0	0.0	0.0	0.0	0.0	0.0	0.0	0.0	0.0	0.0	0.0
Магаданская область	персонал; Государственные, Муниципальные	Образовательные программы магистратуры / 03	14.0	0.0	0.0	0.0	0.0	0.0	0.0	155.0	0.0	0.0	0.0	0.0	0.0	0.0	0.0	0.0	0.0	0.0	0.0	0.0	0.0	0.0	0.0
Магаданская область	персонал; Государственные, Муниципальные	Образовательные программы специалитета / 02	7.0	0.0	0.0	0.0	0.0	0.0	0.0	547.0	0.0	0.0	0.0	0.0	0.0	0.0	0.0	0.0	0.0	0.0	0.0	0.0	0.0	0.0	0.0
Московская область	персонал; Государственные, Муниципальные	Образовательные программы бакалавриата / 01	543.0	61.0	119.0	38.0	74.0	0.0	6.0	52791.0	13.0	81.0	23.0	23.0	2.0	11.0	2.0	11.0	2.0	288.0	24265.0	0.0	298.0	24930.0	0.0
Московская область	персонал; Государственные, Муниципальные	Образовательные программы магистратуры / 03	267.0	20.0	52.0	16.0	21.0	0.0	0.0	8492.0	10.0	56.0	56.0	56.0	13.0	10.0	3.0	9.0	2.0	157.0	4393.0	0.0	149.0	4302.0	0.0
Московская область	персонал; Государственные, Муниципальные	Образовательные программы специалитета / 02	36.0	0.0	5.0	1.0	1.0	0.0	0.0	5101.0	0.0	0.0	0.0	0.0	0.0	0.0	0.0	0.0	0.0	17.0	2973.0	0.0	11.0	1032.0	0.0
Московская область	персонал; Частные	Образовательные программы бакалавриата / 01	84.0	6.0	3.0	3.0	3.0	0.0	0.0	6758.0	0.0	0.0	0.0	0.0	0.0	0.0	0.0	0.0	0.0	12.0	964.0	0.0	28.0	2316.0	0.0
Московская область	персонал; Частные	Образовательные программы магистратуры / 03	43.0	7.0	0.0	0.0	0.0	0.0	0.0	343.0	0.0	0.0	0.0	0.0	0.0	0.0	0.0	0.0	0.0	3.0	47.0	0.0	10.0	138.0	0.0
Московская область	персонал; Частные	Образовательные программы специалитета / 02	9.0	0.0	0.0	0.0	0.0	0.0	0.0	707.0	0.0	0.0	0.0	0.0	0.0	0.0	0.0	0.0	0.0	1.0	23.0	0.0	2.0	23.0	0.0
Мурманская область	персонал; Государственные, Муниципальные	Образовательные программы бакалавриата / 01	126.0	5.0	1.0	0.0	1.0	0.0	0.0	4291.0	10.0	431.0	190.0	19.0	0.0	4.0	0.0	3.0	0.0	0.0	0.0	0.0	87.0	2523.0	0.0
Мурманская область	персонал; Государственные, Муниципальные	Образовательные программы магистратуры / 03	35.0	1.0	0.0	0.0	0.0	0.0	0.0	527.0	2.0	21.0	5.0	5.0	0.0	2.0	0.0	2.0	0.0	0.0	0.0	0.0	23.0	245.0	0.0
Мурманская область	персонал; Государственные, Муниципальные	Образовательные программы специалитета / 02	19.0	8.0	0.0	0.0	0.0	0.0	0.0	1493.0	1.0	102.0	102.0	102.0	0.0	1.0	0.0	1.0	0.0	0.0	0.0	0.0	10.0	431.0	0.0
Мурманская область	персонал; Частные	Образовательные программы бакалавриата / 01	10.0	0.0	0.0	0.0	0.0	0.0	0.0	546.0	0.0	0.0	0.0	0.0	0.0	0.0	0.0	0.0	0.0	6.0	496.0	0.0	6.0	496.0	0.0
Мурманская область	персонал; Частные	Образовательные программы магистратуры / 03	0.0	0.0	0.0	0.0	0.0	0.0	0.0	0.0	0.0	0.0	0.0	0.0	0.0	0.0	0.0	0.0	0.0	0.0	0.0	0.0	0.0	0.0	0.0
Мурманская область	персонал; Частные	Образовательные программы специалитета / 02	1.0	0.0	0.0	0.0	0.0	0.0	0.0	7.0	0.0	0.0	0.0	0.0	0.0	0.0	0.0	0.0	0.0	0.0	0.0	0.0	0.0	0.0	0.0
Нижегородская область	персонал; Государственные, Муниципальные	Образовательные программы бакалавриата / 01	524.0	76.0	260.0	80.0	24.0	24.0	45.0	55678.0	14.0	606.0	79.0	79.0	48.0	9.0	3.0	7.0	3.0	383.0	40896.0	0.0	433.0	39489.0	1022.0
Нижегородская область	персонал; Государственные, Муниципальные	Образовательные программы магистратуры / 03	399.0	75.0	133.0	36.0	17.0	27.0	115.0	10409.0	6.0	56.0	16.0	14.0	4.0	6.0	3.0	6.0	3.0	269.0	7263.0	21.0	322.0	7696.0	632.0
Нижегородская область	персонал; Государственные, Муниципальные	Образовательные программы специалитета / 02	119.0	21.0	31.0	6.0	3.0	0.0	11.0	19206.0	5.0	1025.0	1003.0	1003.0	1003.0	15.0	14.0	8.0	7.0	62.0	14087.0	0.0	81.0	16359.0	340.0
Нижегородская область	персонал; Частные	Образовательные программы бакалавриата / 01	10.0	4.0	0.0	0.0	0.0	0.0	0.0	919.0	0.0	0.0	0.0	0.0	0.0	0.0	0.0	0.0	0.0	6.0	507.0	0.0	6.0	507.0	0.0
Нижегородская область	персонал; Частные	Образовательные программы магистратуры / 03	0.0	0.0	0.0	0.0	0.0	0.0	0.0	0.0	0.0	0.0	0.0	0.0	0.0	0.0	0.0	0.0	0.0	0.0	0.0	0.0	0.0	0.0	0.0
Нижегородская область	персонал; Частные	Образовательные программы специалитета / 02	0.0	0.0	0.0	0.0	0.0	0.0	0.0	0.0	0.0	0.0	0.0	0.0	0.0	0.0	0.0	0.0	0.0	0.0	0.0	0.0	0.0	0.0	0.0
Новгородская область	персонал; Государственные, Муниципальные	Образовательные программы бакалавриата / 01	135.0	4.0	5.0	0.0	0.0	0.0	7.0	5802.0	0.0	0.0	0.0	0.0	0.0	0.0	0.0	0.0	0.0	0.0	0.0	0.0	130.0	5346.0	0.0
Новгородская область	персонал; Государственные, Муниципальные	Образовательные программы магистратуры / 03	47.0	1.0	0.0	0.0	0.0	0.0	0.0	781.0	0.0	0.0	0.0	0.0	0.0	0.0	0.0	0.0	0.0	0.0	0.0	0.0	47.0	781.0	0.0
Новгородская область	персонал; Государственные, Муниципальные	Образовательные программы специалитета / 02	8.0	0.0	0.0	0.0	0.0	0.0	0.0	2352.0	0.0	0.0	0.0	0.0	0.0	0.0	0.0	0.0	0.0	0.0	0.0	0.0	8.0	2352.0	0.0
Новосибирская область	персонал; Государственные, Муниципальные	Образовательные программы бакалавриата / 01	546.0	31.0	79.0	3.0	20.0	12.0	776.0	63714.0	7.0	317.0	317.0	317.0	83.0	8.0	3.0	7.0	3.0	198.0	22958.0	195.0	187.0	30651.0	2704.0
Новосибирская область	персонал; Государственные, Муниципальные	Образовательные программы магистратуры / 03	312.0	25.0	35.0	0.0	5.0	0.0	0.0	10310.0	3.0	76.0	76.0	76.0	55.0	3.0	2.0	3.0	2.0	104.0	3657.0	0.0	110.0	5055.0	280.0
Новосибирская область	персонал; Государственные, Муниципальные	Образовательные программы специалитета / 02	97.0	4.0	14.0	0.0	1.0	0.0	3.0	17005.0	0.0	0.0	0.0	0.0	0.0	0.0	0.0	0.0	0.0	41.0	9343.0	0.0	22.0	3710.0	420.0
Новосибирская область	персонал; Частные	Образовательные программы бакалавриата / 01	32.0	1.0	9.0	0.0	9.0	0.0	0.0	6916.0	0.0	0.0	0.0	0.0	0.0	0.0	0.0	0.0	0.0	0.0	0.0	0.0	12.0	6811.0	4981.0
Новосибирская область	персонал; Частные	Образовательные программы магистратуры / 03	19.0	0.0	7.0	0.0	7.0	0.0	0.0	300.0	0.0	0.0	0.0	0.0	0.0	0.0	0.0	0.0	0.0	0.0	0.0	0.0	7.0	150.0	111.0
Новосибирская область	персонал; Частные	Образовательные программы специалитета / 02	4.0	0.0	2.0	0.0	2.0	0.0	0.0	509.0	0.0	0.0	0.0	0.0	0.0	0.0	0.0	0.0	0.0	0.0	0.0	0.0	0.0	0.0	0.0
Омская область	персонал; Государственные, Муниципальные	Образовательные программы бакалавриата / 01	356.0	50.0	75.0	2.0	47.0	0.0	7.0	35322.0	3.0	2.0	0.0	0.0	0.0	2.0	1.0	2.0	1.0	186.0	17001.0	0.0	154.0	12513.0	0.0
Омская область	персонал; Государственные, Муниципальные	Образовательные программы магистратуры / 03	208.0	30.0	20.0	0.0	20.0	0.0	0.0	7468.0	2.0	50.0	20.0	20.0	0.0	2.0	0.0	2.0	0.0	120.0	4057.0	0.0	93.0	2564.0	0.0
Омская область	персонал; Государственные, Муниципальные	Образовательные программы специалитета / 02	61.0	18.0	21.0	0.0	19.0	0.0	0.0	13662.0	0.0	0.0	0.0	0.0	0.0	0.0	0.0	0.0	0.0	18.0	5369.0	0.0	29.0	6540.0	0.0
Омская область	персонал; Частные	Образовательные программы бакалавриата / 01	32.0	2.0	16.0	0.0	16.0	0.0	0.0	14651.0	0.0	0.0	0.0	0.0	0.0	0.0	0.0	0.0	0.0	22.0	12263.0	0.0	26.0	12729.0	0.0
Омская область	персонал; Частные	Образовательные программы магистратуры / 03	22.0	4.0	8.0	0.0	8.0	0.0	0.0	1351.0	0.0	0.0	0.0	0.0	0.0	0.0	0.0	0.0	0.0	11.0	1047.0	0.0	14.0	1141.0	0.0
Омская область	персонал; Частные	Образовательные программы специалитета / 02	3.0	0.0	0.0	0.0	0.0	0.0	0.0	143.0	0.0	0.0	0.0	0.0	0.0	0.0	0.0	0.0	0.0	0.0	0.0	0.0	0.0	0.0	0.0
Оренбургская область	персонал; Государственные, Муниципальные	Образовательные программы бакалавриата / 01	360.0	4.0	63.0	0.0	2.0	0.0	3.0	26186.0	1.0	1.0	0.0	0.0	0.0	1.0	0.0	1.0	0.0	182.0	10916.0	0.0	277.0	18012.0	0.0
Оренбургская область	персонал; Государственные, Муниципальные	Образовательные программы магистратуры / 03	127.0	10.0	0.0	0.0	0.0	0.0	0.0	3647.0	0.0	0.0	0.0	0.0	0.0	0.0	0.0	0.0	0.0	76.0	1906.0	0.0	101.0	2653.0	0.0
Оренбургская область	персонал; Государственные, Муниципальные	Образовательные программы специалитета / 02	46.0	0.0	6.0	0.0	0.0	0.0	2.0	10326.0	1.0	22.0	0.0	0.0	0.0	2.0	2.0	2.0	2.0	20.0	2815.0	0.0	23.0	3366.0	0.0
Оренбургская область	персонал; Частные	Образовательные программы бакалавриата / 01	10.0	1.0	0.0	0.0	0.0	0.0	0.0	964.0	0.0	0.0	0.0	0.0	0.0	0.0	0.0	0.0	0.0	0.0	0.0	0.0	0.0	0.0	0.0
Оренбургская область	персонал; Частные	Образовательные программы магистратуры / 03	0.0	0.0	0.0	0.0	0.0	0.0	0.0	0.0	0.0	0.0	0.0	0.0	0.0	0.0	0.0	0.0	0.0	0.0	0.0	0.0	0.0	0.0	0.0
Оренбургская область	персонал; Частные	Образовательные программы специалитета / 02	0.0	0.0	0.0	0.0	0.0	0.0	0.0	0.0	0.0	0.0	0.0	0.0	0.0	0.0	0.0	0.0	0.0	0.0	0.0	0.0	0.0	0.0	0.0
Орловская область	персонал; Государственные, Муниципальные	Образовательные программы бакалавриата / 01	177.0	2.0	21.0	4.0	0.0	0.0	3.0	15298.0	1.0	22.0	0.0	0.0	0.0	1.0	0.0	1.0	0.0	39.0	6200.0	3.0	88.0	5944.0	3.0
Орловская область	персонал; Государственные, Муниципальные	Образовательные программы магистратуры / 03	114.0	2.0	1.0	1.0	0.0	0.0	0.0	4545.0	1.0	12.0	0.0	0.0	0.0	1.0	0.0	1.0	0.0	33.0	1606.0	2.0	30.0	677.0	2.0
Орловская область	персонал; Государственные, Муниципальные	Образовательные программы специалитета / 02	26.0	0.0	6.0	0.0	0.0	0.0	3.0	5921.0	0.0	0.0	0.0	0.0	0.0	0.0	0.0	0.0	0.0	7.0	1982.0	1.0	10.0	1768.0	1.0
Орловская область	персонал; Частные	Образовательные программы бакалавриата / 01	8.0	0.0	0.0	0.0	0.0	0.0	0.0	70.0	0.0	0.0	0.0	0.0	0.0	0.0	0.0	0.0	0.0	0.0	0.0	0.0	0.0	0.0	0.0
Орловская область	персонал; Частные	Образовательные программы магистратуры / 03	0.0	0.0	0.0	0.0	0.0	0.0	0.0	0.0	0.0	0.0	0.0	0.0	0.0	0.0	0.0	0.0	0.0	0.0	0.0	0.0	0.0	0.0	0.0
Орловская область	персонал; Частные	Образовательные программы специалитета / 02	0.0	0.0	0.0	0.0	0.0	0.0	0.0	0.0	0.0	0.0	0.0	0.0	0.0	0.0	0.0	0.0	0.0	0.0	0.0	0.0	0.0	0.0	0.0
Пензенская область	персонал; Государственные, Муниципальные	Образовательные программы бакалавриата / 01	187.0	12.0	17.0	1.0	0.0	0.0	16.0	18031.0	1.0	150.0	150.0	150.0	150.0	1.0	1.0	1.0	1.0	35.0	2906.0	0.0	40.0	2960.0	3.0
Пензенская область	персонал; Государственные, Муниципальные	Образовательные программы магистратуры / 03	93.0	4.0	1.0	0.0	0.0	0.0	1.0	3922.0	0.0	0.0	0.0	0.0	0.0	0.0	0.0	0.0	0.0	20.0	737.0	0.0	20.0	737.0	0.0
Пензенская область	персонал; Государственные, Муниципальные	Образовательные программы специалитета / 02	27.0	0.0	1.0	0.0	0.0	0.0	1.0	7972.0	0.0	0.0	0.0	0.0	0.0	0.0	0.0	0.0	0.0	3.0	145.0	0.0	3.0	145.0	0.0
Пензенская область	персонал; Частные	Образовательные программы бакалавриата / 01	4.0	3.0	0.0	0.0	0.0	0.0	0.0	486.0	0.0	0.0	0.0	0.0	0.0	0.0	0.0	0.0	0.0	0.0	0.0	0.0	0.0	0.0	0.0
Пензенская область	персонал; Частные	Образовательные программы магистратуры / 03	1.0	0.0	0.0	0.0	0.0	0.0	0.0	30.0	0.0	0.0	0.0	0.0	0.0	0.0	0.0	0.0	0.0	0.0	0.0	0.0	0.0	0.0	0.0
Пензенская область	персонал; Частные	Образовательные программы специалитета / 02	0.0	0.0	0.0	0.0	0.0	0.0	0.0	0.0	0.0	0.0	0.0	0.0	0.0	0.0	0.0	0.0	0.0	0.0	0.0	0.0	0.0	0.0	0.0
Пермский край	персонал; Государственные, Муниципальные	Образовательные программы бакалавриата / 01	425.0	25.0	26.0	18.0	14.0	1.0	28.0	36011.0	10.0	322.0	309.0	309.0	145.0	11.0	5.0	6.0	2.0	95.0	11600.0	0.0	228.0	18816.0	321.0
Пермский край	персонал; Государственные, Муниципальные	Образовательные программы магистратуры / 03	235.0	11.0	10.0	9.0	5.0	1.0	24.0	5695.0	14.0	115.0	114.0	114.0	56.0	14.0	6.0	11.0	5.0	51.0	1997.0	0.0	105.0	3114.0	15.0
Пермский край	персонал; Государственные, Муниципальные	Образовательные программы специалитета / 02	60.0	7.0	2.0	0.0	0.0	0.0	0.0	11109.0	0.0	0.0	0.0	0.0	0.0	0.0	0.0	0.0	0.0	20.0	6638.0	0.0	25.0	7201.0	0.0
Пермский край	персонал; Частные	Образовательные программы бакалавриата / 01	21.0	2.0	0.0	0.0	0.0	0.0	0.0	865.0	0.0	0.0	0.0	0.0	0.0	0.0	0.0	0.0	0.0	0.0	0.0	0.0	16.0	504.0	0.0
Пермский край	персонал; Частные	Образовательные программы магистратуры / 03	0.0	0.0	0.0	0.0	0.0	0.0	0.0	0.0	0.0	0.0	0.0	0.0	0.0	0.0	0.0	0.0	0.0	0.0	0.0	0.0	0.0	0.0	0.0
Пермский край	персонал; Частные	Образовательные программы специалитета / 02	0.0	0.0	0.0	0.0	0.0	0.0	0.0	0.0	0.0	0.0	0.0	0.0	0.0	0.0	0.0	0.0	0.0	0.0	0.0	0.0	0.0	0.0	0.0
Приморский край	персонал; Государственные, Муниципальные	Образовательные программы бакалавриата / 01	568.0	35.0	96.0	77.0	4.0	0.0	27.0	26499.0	25.0	734.0	734.0	685.0	206.0	7.0	2.0	5.0	0.0	472.0	16859.0	9.0	38.0	1839.0	62.0
Приморский край	персонал; Государственные, Муниципальные	Образовательные программы магистратуры / 03	295.0	13.0	45.0	38.0	0.0	0.0	3.0	5301.0	10.0	161.0	161.0	161.0	0.0	8.0	0.0	8.0	0.0	265.0	4616.0	34.0	8.0	87.0	34.0
Приморский край	персонал; Государственные, Муниципальные	Образовательные программы специалитета / 02	140.0	11.0	17.0	10.0	0.0	0.0	3.0	11221.0	0.0	0.0	0.0	0.0	0.0	0.0	0.0	0.0	0.0	127.0	7560.0	62.0	28.0	4181.0	62.0
Приморский край	персонал; Частные	Образовательные программы бакалавриата / 01	0.0	0.0	0.0	0.0	0.0	0.0	0.0	0.0	0.0	0.0	0.0	0.0	0.0	0.0	0.0	0.0	0.0	0.0	0.0	0.0	0.0	0.0	0.0
Приморский край	персонал; Частные	Образовательные программы магистратуры / 03	0.0	0.0	0.0	0.0	0.0	0.0	0.0	0.0	0.0	0.0	0.0	0.0	0.0	0.0	0.0	0.0	0.0	0.0	0.0	0.0	0.0	0.0	0.0
Приморский край	персонал; Частные	Образовательные программы специалитета / 02	2.0	2.0	0.0	0.0	0.0	0.0	0.0	149.0	2.0	149.0	149.0	0.0	0.0	1.0	0.0	1.0	0.0	0.0	0.0	0.0	0.0	0.0	0.0
Псковская область	персонал; Государственные, Муниципальные	Образовательные программы бакалавриата / 01	111.0	26.0	34.0	34.0	0.0	0.0	2.0	7268.0	32.0	848.0	833.0	833.0	0.0	4.0	0.0	4.0	0.0	32.0	814.0	0.0	95.0	5169.0	0.0
Псковская область	персонал; Государственные, Муниципальные	Образовательные программы магистратуры / 03	58.0	10.0	24.0	1.0	0.0	0.0	0.0	1577.0	10.0	141.0	111.0	96.0	0.0	11.0	0.0	9.0	0.0	24.0	309.0	0.0	49.0	1273.0	0.0
Псковская область	персонал; Государственные, Муниципальные	Образовательные программы специалитета / 02	28.0	1.0	6.0	6.0	0.0	0.0	0.0	1902.0	6.0	258.0	258.0	258.0	0.0	1.0	0.0	1.0	0.0	6.0	258.0	0.0	26.0	1416.0	0.0
Псковская область	персонал; Частные	Образовательные программы бакалавриата / 01	5.0	0.0	1.0	0.0	0.0	0.0	0.0	252.0	2.0	129.0	0.0	0.0	0.0	1.0	0.0	1.0	0.0	2.0	129.0	0.0	2.0	129.0	0.0
Псковская область	персонал; Частные	Образовательные программы магистратуры / 03	0.0	0.0	0.0	0.0	0.0	0.0	0.0	0.0	0.0	0.0	0.0	0.0	0.0	0.0	0.0	0.0	0.0	0.0	0.0	0.0	0.0	0.0	0.0
Псковская область	персонал; Частные	Образовательные программы специалитета / 02	0.0	0.0	0.0	0.0	0.0	0.0	0.0	0.0	0.0	0.0	0.0	0.0	0.0	0.0	0.0	0.0	0.0	0.0	0.0	0.0	0.0	0.0	0.0
Республика Адыгея	персонал; Государственные, Муниципальные	Образовательные программы бакалавриата / 01	83.0	0.0	42.0	27.0	0.0	0.0	0.0	9899.0	2.0	49.0	0.0	0.0	2.0	5.0	0.0	0.0	0.0	36.0	4687.0	0.0	36.0	3294.0	0.0
Республика Адыгея	персонал; Государственные, Муниципальные	Образовательные программы магистратуры / 03	42.0	0.0	19.0	1.0	0.0	0.0	0.0	1441.0	0.0	0.0	0.0	0.0	0.0	0.0	0.0	0.0	0.0	18.0	646.0	0.0	18.0	477.0	0.0
Республика Адыгея	персонал; Государственные, Муниципальные	Образовательные программы специалитета / 02	11.0	0.0	7.0	3.0	0.0	0.0	0.0	3020.0	0.0	0.0	0.0	0.0	0.0	0.0	0.0	0.0	0.0	9.0	2964.0	0.0	9.0	402.0	0.0
Республика Алтай	персонал; Государственные, Муниципальные	Образовательные программы бакалавриата / 01	55.0	0.0	0.0	0.0	0.0	0.0	0.0	2217.0	0.0	0.0	0.0	0.0	0.0	0.0	0.0	0.0	0.0	55.0	2217.0	0.0	55.0	2217.0	0.0
Республика Алтай	персонал; Государственные, Муниципальные	Образовательные программы магистратуры / 03	19.0	0.0	1.0	1.0	0.0	0.0	1.0	287.0	1.0	22.0	12.0	12.0	0.0	1.0	0.0	1.0	0.0	19.0	287.0	0.0	19.0	287.0	0.0
Республика Алтай	персонал; Государственные, Муниципальные	Образовательные программы специалитета / 02	3.0	0.0	0.0	0.0	0.0	0.0	0.0	101.0	0.0	0.0	0.0	0.0	0.0	0.0	0.0	0.0	0.0	3.0	101.0	0.0	3.0	101.0	0.0
Республика Башкортостан	персонал; Государственные, Муниципальные	Образовательные программы бакалавриата / 01	718.0	91.0	151.0	49.0	32.0	0.0	43.0	63010.0	122.0	3878.0	3033.0	2707.0	134.0	45.0	6.0	19.0	4.0	360.0	21782.0	0.0	458.0	38140.0	6.0
Республика Башкортостан	персонал; Государственные, Муниципальные	Образовательные программы магистратуры / 03	449.0	18.0	58.0	3.0	14.0	1.0	3.0	13144.0	20.0	172.0	117.0	76.0	5.0	25.0	3.0	21.0	2.0	265.0	4603.0	1.0	227.0	7998.0	0.0
Республика Башкортостан	персонал; Государственные, Муниципальные	Образовательные программы специалитета / 02	90.0	3.0	20.0	8.0	6.0	2.0	8.0	19426.0	12.0	1844.0	1804.0	1783.0	0.0	8.0	0.0	4.0	0.0	52.0	5388.0	2.0	52.0	6046.0	0.0
Республика Башкортостан	персонал; Частные	Образовательные программы бакалавриата / 01	48.0	0.0	0.0	0.0	0.0	0.0	0.0	3630.0	0.0	0.0	0.0	0.0	0.0	0.0	0.0	0.0	0.0	29.0	2420.0	0.0	29.0	2420.0	0.0
Республика Башкортостан	персонал; Частные	Образовательные программы магистратуры / 03	0.0	0.0	0.0	0.0	0.0	0.0	0.0	0.0	0.0	0.0	0.0	0.0	0.0	0.0	0.0	0.0	0.0	0.0	0.0	0.0	0.0	0.0	0.0
Республика Башкортостан	персонал; Частные	Образовательные программы специалитета / 02	2.0	0.0	0.0	0.0	0.0	0.0	0.0	117.0	0.0	0.0	0.0	0.0	0.0	0.0	0.0	0.0	0.0	0.0	0.0	0.0	0.0	0.0	0.0
Республика Бурятия	персонал; Государственные, Муниципальные	Образовательные программы бакалавриата / 01	194.0	19.0	39.0	39.0	0.0	0.0	0.0	14455.0	5.0	48.0	48.0	48.0	41.0	3.0	2.0	3.0	2.0	130.0	5824.0	0.0	173.0	11416.0	0.0
Республика Бурятия	персонал; Государственные, Муниципальные	Образовательные программы магистратуры / 03	89.0	10.0	18.0	18.0	2.0	0.0	8.0	2740.0	3.0	18.0	18.0	18.0	0.0	3.0	0.0	3.0	0.0	59.0	1443.0	0.0	80.0	2212.0	0.0
Республика Бурятия	персонал; Государственные, Муниципальные	Образовательные программы специалитета / 02	12.0	1.0	4.0	4.0	0.0	0.0	0.0	2159.0	0.0	0.0	0.0	0.0	0.0	0.0	0.0	0.0	0.0	6.0	1208.0	0.0	11.0	1755.0	0.0
Республика Бурятия	персонал; Частные	Образовательные программы бакалавриата / 01	9.0	0.0	0.0	0.0	0.0	0.0	0.0	455.0	0.0	0.0	0.0	0.0	0.0	0.0	0.0	0.0	0.0	0.0	0.0	0.0	0.0	0.0	0.0
Республика Бурятия	персонал; Частные	Образовательные программы магистратуры / 03	0.0	0.0	0.0	0.0	0.0	0.0	0.0	0.0	0.0	0.0	0.0	0.0	0.0	0.0	0.0	0.0	0.0	0.0	0.0	0.0	0.0	0.0	0.0
Республика Бурятия	персонал; Частные	Образовательные программы специалитета / 02	0.0	0.0	0.0	0.0	0.0	0.0	0.0	0.0	0.0	0.0	0.0	0.0	0.0	0.0	0.0	0.0	0.0	0.0	0.0	0.0	0.0	0.0	0.0
Республика Дагестан	персонал; Государственные, Муниципальные	Образовательные программы бакалавриата / 01	196.0	23.0	46.0	46.0	39.0	0.0	2.0	30498.0	0.0	0.0	0.0	0.0	0.0	0.0	0.0	0.0	0.0	0.0	0.0	0.0	22.0	1471.0	0.0
Республика Дагестан	персонал; Государственные, Муниципальные	Образовательные программы магистратуры / 03	118.0	1.0	29.0	29.0	28.0	0.0	2.0	5764.0	0.0	0.0	0.0	0.0	0.0	0.0	0.0	0.0	0.0	0.0	0.0	0.0	0.0	0.0	0.0
Республика Дагестан	персонал; Государственные, Муниципальные	Образовательные программы специалитета / 02	33.0	3.0	8.0	8.0	7.0	0.0	2.0	12422.0	2.0	33.0	33.0	33.0	33.0	2.0	2.0	2.0	2.0	5.0	6783.0	0.0	7.0	7056.0	0.0
Республика Дагестан	персонал; Частные	Образовательные программы бакалавриата / 01	32.0	0.0	2.0	0.0	2.0	0.0	0.0	3939.0	0.0	0.0	0.0	0.0	0.0	0.0	0.0	0.0	0.0	22.0	2296.0	0.0	22.0	1410.0	0.0
Республика Дагестан	персонал; Частные	Образовательные программы магистратуры / 03	8.0	0.0	0.0	0.0	0.0	0.0	0.0	417.0	0.0	0.0	0.0	0.0	0.0	0.0	0.0	0.0	0.0	6.0	68.0	0.0	6.0	68.0	0.0
Республика Дагестан	персонал; Частные	Образовательные программы специалитета / 02	2.0	0.0	0.0	0.0	0.0	0.0	0.0	183.0	0.0	0.0	0.0	0.0	0.0	0.0	0.0	0.0	0.0	0.0	0.0	0.0	0.0	0.0	0.0
Республика Ингушетия	персонал; Государственные, Муниципальные	Образовательные программы бакалавриата / 01	41.0	0.0	0.0	0.0	0.0	0.0	0.0	5499.0	0.0	0.0	0.0	0.0	0.0	0.0	0.0	0.0	0.0	0.0	0.0	0.0	0.0	0.0	0.0
Республика Ингушетия	персонал; Государственные, Муниципальные	Образовательные программы магистратуры / 03	18.0	0.0	0.0	0.0	0.0	0.0	0.0	680.0	0.0	0.0	0.0	0.0	0.0	0.0	0.0	0.0	0.0	0.0	0.0	0.0	0.0	0.0	0.0
Республика Ингушетия	персонал; Государственные, Муниципальные	Образовательные программы специалитета / 02	2.0	0.0	0.0	0.0	0.0	0.0	0.0	1170.0	0.0	0.0	0.0	0.0	0.0	0.0	0.0	0.0	0.0	0.0	0.0	0.0	0.0	0.0	0.0
Республика Ингушетия	персонал; Частные	Образовательные программы бакалавриата / 01	2.0	0.0	0.0	0.0	0.0	0.0	0.0	357.0	0.0	0.0	0.0	0.0	0.0	0.0	0.0	0.0	0.0	0.0	0.0	0.0	0.0	0.0	0.0
Республика Ингушетия	персонал; Частные	Образовательные программы магистратуры / 03	2.0	0.0	0.0	0.0	0.0	0.0	0.0	6.0	0.0	0.0	0.0	0.0	0.0	0.0	0.0	0.0	0.0	0.0	0.0	0.0	0.0	0.0	0.0
Республика Ингушетия	персонал; Частные	Образовательные программы специалитета / 02	0.0	0.0	0.0	0.0	0.0	0.0	0.0	0.0	0.0	0.0	0.0	0.0	0.0	0.0	0.0	0.0	0.0	0.0	0.0	0.0	0.0	0.0	0.0
Республика Калмыкия	персонал; Государственные, Муниципальные	Образовательные программы бакалавриата / 01	88.0	3.0	0.0	0.0	0.0	0.0	0.0	5281.0	0.0	0.0	0.0	0.0	0.0	0.0	0.0	0.0	0.0	0.0	0.0	0.0	0.0	0.0	0.0
Республика Калмыкия	персонал; Государственные, Муниципальные	Образовательные программы магистратуры / 03	48.0	0.0	0.0	0.0	0.0	0.0	0.0	1363.0	1.0	0.0	0.0	0.0	0.0	2.0	1.0	2.0	1.0	0.0	0.0	0.0	0.0	0.0	0.0
Республика Калмыкия	персонал; Государственные, Муниципальные	Образовательные программы специалитета / 02	13.0	0.0	0.0	0.0	0.0	0.0	0.0	982.0	0.0	0.0	0.0	0.0	0.0	0.0	0.0	0.0	0.0	0.0	0.0	0.0	0.0	0.0	0.0
Республика Калмыкия	персонал; Частные	Образовательные программы бакалавриата / 01	3.0	0.0	0.0	0.0	0.0	0.0	0.0	1186.0	0.0	0.0	0.0	0.0	0.0	0.0	0.0	0.0	0.0	0.0	0.0	0.0	0.0	0.0	0.0
Республика Калмыкия	персонал; Частные	Образовательные программы магистратуры / 03	0.0	0.0	0.0	0.0	0.0	0.0	0.0	0.0	0.0	0.0	0.0	0.0	0.0	0.0	0.0	0.0	0.0	0.0	0.0	0.0	0.0	0.0	0.0
Республика Калмыкия	персонал; Частные	Образовательные программы специалитета / 02	0.0	0.0	0.0	0.0	0.0	0.0	0.0	0.0	0.0	0.0	0.0	0.0	0.0	0.0	0.0	0.0	0.0	0.0	0.0	0.0	0.0	0.0	0.0
Республика Карелия	персонал; Государственные, Муниципальные	Образовательные программы бакалавриата / 01	165.0	5.0	158.0	1.0	93.0	7.0	366.0	7853.0	43.0	1980.0	1980.0	1244.0	0.0	39.0	5.0	39.0	5.0	163.0	7541.0	237.0	161.0	6778.0	237.0
Республика Карелия	персонал; Государственные, Муниципальные	Образовательные программы магистратуры / 03	48.0	3.0	43.0	0.0	19.0	0.0	0.0	837.0	3.0	78.0	78.0	78.0	0.0	3.0	0.0	3.0	0.0	48.0	729.0	0.0	47.0	681.0	0.0
Республика Карелия	персонал; Государственные, Муниципальные	Образовательные программы специалитета / 02	12.0	0.0	5.0	3.0	3.0	0.0	0.0	2129.0	3.0	1352.0	1352.0	1352.0	0.0	3.0	0.0	3.0	0.0	10.0	1656.0	0.0	10.0	1656.0	0.0
Республика Коми	персонал; Государственные, Муниципальные	Образовательные программы бакалавриата / 01	211.0	3.0	32.0	0.0	3.0	0.0	0.0	10006.0	11.0	424.0	0.0	0.0	0.0	3.0	0.0	2.0	0.0	29.0	2799.0	0.0	136.0	6278.0	0.0
Республика Коми	персонал; Государственные, Муниципальные	Образовательные программы магистратуры / 03	74.0	1.0	15.0	1.0	0.0	0.0	2.0	1619.0	1.0	12.0	1.0	0.0	0.0	1.0	0.0	1.0	0.0	15.0	395.0	0.0	55.0	977.0	0.0
Республика Коми	персонал; Государственные, Муниципальные	Образовательные программы специалитета / 02	17.0	0.0	9.0	0.0	0.0	0.0	0.0	1379.0	2.0	48.0	0.0	0.0	0.0	1.0	0.0	1.0	0.0	9.0	411.0	0.0	14.0	1137.0	0.0
Республика Крым	персонал; Государственные, Муниципальные	Образовательные программы бакалавриата / 01	274.0	0.0	0.0	0.0	0.0	0.0	0.0	18077.0	15.0	88.0	20.0	20.0	0.0	6.0	0.0	3.0	0.0	196.0	11269.0	0.0	248.0	12846.0	309.0
Республика Крым	персонал; Государственные, Муниципальные	Образовательные программы магистратуры / 03	208.0	0.0	0.0	0.0	0.0	0.0	0.0	5388.0	3.0	38.0	38.0	38.0	0.0	1.0	0.0	1.0	0.0	175.0	3872.0	0.0	185.0	4177.0	76.0
Республика Крым	персонал; Государственные, Муниципальные	Образовательные программы специалитета / 02	27.0	0.0	0.0	0.0	0.0	0.0	0.0	8863.0	0.0	0.0	0.0	0.0	0.0	0.0	0.0	0.0	0.0	17.0	7535.0	0.0	20.0	1286.0	0.0
Республика Крым	персонал; Частные	Образовательные программы бакалавриата / 01	7.0	0.0	0.0	0.0	0.0	0.0	0.0	1153.0	0.0	0.0	0.0	0.0	0.0	0.0	0.0	0.0	0.0	0.0	0.0	0.0	0.0	0.0	0.0
Республика Крым	персонал; Частные	Образовательные программы магистратуры / 03	6.0	0.0	0.0	0.0	0.0	0.0	0.0	93.0	0.0	0.0	0.0	0.0	0.0	0.0	0.0	0.0	0.0	0.0	0.0	0.0	0.0	0.0	0.0
Республика Крым	персонал; Частные	Образовательные программы специалитета / 02	0.0	0.0	0.0	0.0	0.0	0.0	0.0	0.0	0.0	0.0	0.0	0.0	0.0	0.0	0.0	0.0	0.0	0.0	0.0	0.0	0.0	0.0	0.0
Республика Марий Эл	персонал; Государственные, Муниципальные	Образовательные программы бакалавриата / 01	275.0	0.0	127.0	1.0	126.0	0.0	1.0	10851.0	4.0	261.0	20.0	20.0	0.0	20.0	2.0	16.0	3.0	275.0	10851.0	0.0	126.0	5793.0	0.0
Республика Марий Эл	персонал; Государственные, Муниципальные	Образовательные программы магистратуры / 03	134.0	0.0	81.0	0.0	81.0	0.0	0.0	2510.0	1.0	3.0	0.0	0.0	0.0	19.0	2.0	15.0	3.0	134.0	2510.0	0.0	81.0	1465.0	0.0
Республика Марий Эл	персонал; Государственные, Муниципальные	Образовательные программы специалитета / 02	24.0	0.0	12.0	0.0	12.0	0.0	0.0	3194.0	1.0	92.0	0.0	0.0	0.0	1.0	0.0	1.0	0.0	24.0	3194.0	0.0	12.0	568.0	0.0
Республика Марий Эл	персонал; Частные	Образовательные программы бакалавриата / 01	11.0	1.0	0.0	0.0	0.0	0.0	0.0	539.0	0.0	0.0	0.0	0.0	0.0	0.0	0.0	0.0	0.0	0.0	0.0	0.0	0.0	0.0	0.0
Республика Марий Эл	персонал; Частные	Образовательные программы магистратуры / 03	4.0	1.0	0.0	0.0	0.0	0.0	0.0	58.0	0.0	0.0	0.0	0.0	0.0	0.0	0.0	0.0	0.0	0.0	0.0	0.0	0.0	0.0	0.0
Республика Марий Эл	персонал; Частные	Образовательные программы специалитета / 02	1.0	0.0	0.0	0.0	0.0	0.0	0.0	32.0	0.0	0.0	0.0	0.0	0.0	0.0	0.0	0.0	0.0	0.0	0.0	0.0	0.0	0.0	0.0
Республика Мордовия	персонал; Государственные, Муниципальные	Образовательные программы бакалавриата / 01	113.0	34.0	60.0	16.0	48.0	0.0	0.0	12733.0	15.0	543.0	222.0	222.0	45.0	16.0	2.0	17.0	2.0	108.0	12589.0	7132.0	60.0	7568.0	0.0
Республика Мордовия	персонал; Государственные, Муниципальные	Образовательные программы магистратуры / 03	76.0	24.0	40.0	0.0	28.0	0.0	0.0	3246.0	7.0	77.0	45.0	45.0	20.0	7.0	1.0	6.0	1.0	70.0	3085.0	2073.0	41.0	2349.0	0.0
Республика Мордовия	персонал; Государственные, Муниципальные	Образовательные программы специалитета / 02	23.0	5.0	13.0	4.0	10.0	0.0	0.0	6520.0	5.0	196.0	5.0	5.0	0.0	9.0	5.0	9.0	5.0	14.0	5440.0	5386.0	13.0	5386.0	0.0
Республика Мордовия	персонал; Частные	Образовательные программы бакалавриата / 01	27.0	0.0	0.0	0.0	0.0	0.0	0.0	1584.0	0.0	0.0	0.0	0.0	0.0	0.0	0.0	0.0	0.0	0.0	0.0	0.0	0.0	0.0	0.0
Республика Мордовия	персонал; Частные	Образовательные программы магистратуры / 03	15.0	1.0	0.0	0.0	0.0	0.0	0.0	317.0	0.0	0.0	0.0	0.0	0.0	0.0	0.0	0.0	0.0	0.0	0.0	0.0	0.0	0.0	0.0
Республика Мордовия	персонал; Частные	Образовательные программы специалитета / 02	9.0	0.0	0.0	0.0	0.0	0.0	0.0	514.0	0.0	0.0	0.0	0.0	0.0	0.0	0.0	0.0	0.0	0.0	0.0	0.0	0.0	0.0	0.0
Республика Саха (Якутия)	персонал; Государственные, Муниципальные	Образовательные программы бакалавриата / 01	266.0	12.0	94.0	0.0	0.0	0.0	0.0	14921.0	7.0	224.0	224.0	194.0	67.0	5.0	2.0	5.0	2.0	223.0	10599.0	0.0	256.0	13776.0	0.0
Республика Саха (Якутия)	персонал; Государственные, Муниципальные	Образовательные программы магистратуры / 03	142.0	1.0	30.0	0.0	0.0	0.0	0.0	2694.0	5.0	47.0	47.0	47.0	41.0	5.0	5.0	5.0	5.0	126.0	2065.0	0.0	141.0	2608.0	0.0
Республика Саха (Якутия)	персонал; Государственные, Муниципальные	Образовательные программы специалитета / 02	62.0	1.0	14.0	0.0	0.0	0.0	0.0	4252.0	2.0	31.0	31.0	31.0	0.0	1.0	0.0	1.0	0.0	55.0	3722.0	0.0	60.0	4163.0	0.0
Республика Саха (Якутия)	персонал; Частные	Образовательные программы бакалавриата / 01	13.0	0.0	0.0	0.0	0.0	0.0	0.0	731.0	0.0	0.0	0.0	0.0	0.0	0.0	0.0	0.0	0.0	3.0	134.0	0.0	3.0	134.0	0.0
Республика Саха (Якутия)	персонал; Частные	Образовательные программы магистратуры / 03	0.0	0.0	0.0	0.0	0.0	0.0	0.0	0.0	0.0	0.0	0.0	0.0	0.0	0.0	0.0	0.0	0.0	0.0	0.0	0.0	0.0	0.0	0.0
Республика Саха (Якутия)	персонал; Частные	Образовательные программы специалитета / 02	0.0	0.0	0.0	0.0	0.0	0.0	0.0	0.0	0.0	0.0	0.0	0.0	0.0	0.0	0.0	0.0	0.0	0.0	0.0	0.0	0.0	0.0	0.0
Республика Северная Осетия - Алания	персонал; Государственные, Муниципальные	Образовательные программы бакалавриата / 01	131.0	3.0	0.0	0.0	0.0	0.0	0.0	10777.0	10.0	189.0	189.0	142.0	0.0	4.0	0.0	4.0	0.0	78.0	7504.0	0.0	96.0	9802.0	0.0
Республика Северная Осетия - Алания	персонал; Государственные, Муниципальные	Образовательные программы магистратуры / 03	75.0	1.0	0.0	0.0	0.0	0.0	0.0	2413.0	6.0	83.0	83.0	83.0	25.0	6.0	1.0	6.0	1.0	51.0	1902.0	0.0	65.0	2239.0	0.0
Республика Северная Осетия - Алания	персонал; Государственные, Муниципальные	Образовательные программы специалитета / 02	16.0	0.0	0.0	0.0	0.0	0.0	0.0	6492.0	0.0	0.0	0.0	0.0	0.0	0.0	0.0	0.0	0.0	8.0	1816.0	0.0	11.0	3104.0	0.0
Республика Северная Осетия - Алания	персонал; Частные	Образовательные программы бакалавриата / 01	3.0	0.0	0.0	0.0	0.0	0.0	0.0	305.0	0.0	0.0	0.0	0.0	0.0	0.0	0.0	0.0	0.0	3.0	305.0	0.0	3.0	305.0	0.0
Республика Северная Осетия - Алания	персонал; Частные	Образовательные программы магистратуры / 03	3.0	0.0	0.0	0.0	0.0	0.0	0.0	67.0	0.0	0.0	0.0	0.0	0.0	0.0	0.0	0.0	0.0	3.0	67.0	0.0	3.0	67.0	0.0
Республика Северная Осетия - Алания	персонал; Частные	Образовательные программы специалитета / 02	1.0	0.0	0.0	0.0	0.0	0.0	0.0	5.0	0.0	0.0	0.0	0.0	0.0	0.0	0.0	0.0	0.0	1.0	5.0	0.0	1.0	5.0	0.0
Республика Татарстан	персонал; Государственные, Муниципальные	Образовательные программы бакалавриата / 01	900.0	72.0	258.0	31.0	9.0	0.0	16.0	89334.0	33.0	1119.0	1119.0	1118.0	281.0	24.0	16.0	25.0	14.0	519.0	51918.0	50.0	136.0	7437.0	0.0
Республика Татарстан	персонал; Государственные, Муниципальные	Образовательные программы магистратуры / 03	592.0	46.0	37.0	10.0	2.0	3.0	72.0	18786.0	26.0	335.0	316.0	308.0	57.0	22.0	6.0	12.0	1.0	342.0	10312.0	32.0	46.0	1232.0	35.0
Республика Татарстан	персонал; Государственные, Муниципальные	Образовательные программы специалитета / 02	99.0	2.0	19.0	2.0	0.0	0.0	16.0	16807.0	1.0	19.0	19.0	1.0	0.0	1.0	0.0	1.0	0.0	51.0	11561.0	0.0	30.0	6951.0	0.0
Республика Татарстан	персонал; Частные	Образовательные программы бакалавриата / 01	117.0	6.0	22.0	4.0	2.0	0.0	0.0	16853.0	0.0	0.0	0.0	0.0	0.0	0.0	0.0	0.0	0.0	64.0	8402.0	0.0	6.0	1445.0	0.0
Республика Татарстан	персонал; Частные	Образовательные программы магистратуры / 03	37.0	4.0	7.0	2.0	0.0	0.0	0.0	1322.0	0.0	0.0	0.0	0.0	0.0	0.0	0.0	0.0	0.0	23.0	599.0	0.0	6.0	244.0	0.0
Республика Татарстан	персонал; Частные	Образовательные программы специалитета / 02	9.0	0.0	1.0	1.0	0.0	0.0	0.0	1929.0	0.0	0.0	0.0	0.0	0.0	0.0	0.0	0.0	0.0	1.0	100.0	0.0	0.0	0.0	0.0
Республика Тыва	персонал; Государственные, Муниципальные	Образовательные программы бакалавриата / 01	83.0	61.0	26.0	26.0	0.0	0.0	0.0	4873.0	8.0	120.0	120.0	120.0	120.0	8.0	8.0	4.0	4.0	83.0	4873.0	0.0	83.0	4873.0	0.0
Республика Тыва	персонал; Государственные, Муниципальные	Образовательные программы магистратуры / 03	32.0	29.0	1.0	1.0	0.0	0.0	0.0	747.0	0.0	0.0	0.0	0.0	0.0	0.0	0.0	0.0	0.0	32.0	747.0	0.0	32.0	747.0	0.0
Республика Тыва	персонал; Государственные, Муниципальные	Образовательные программы специалитета / 02	4.0	3.0	2.0	2.0	0.0	0.0	0.0	368.0	0.0	0.0	0.0	0.0	0.0	0.0	0.0	0.0	0.0	4.0	368.0	0.0	4.0	368.0	0.0
Республика Хакасия	персонал; Государственные, Муниципальные	Образовательные программы бакалавриата / 01	98.0	0.0	1.0	1.0	0.0	0.0	0.0	5764.0	0.0	0.0	0.0	0.0	0.0	0.0	0.0	0.0	0.0	98.0	5764.0	0.0	15.0	1311.0	0.0
Республика Хакасия	персонал; Государственные, Муниципальные	Образовательные программы магистратуры / 03	31.0	0.0	0.0	0.0	0.0	0.0	0.0	1038.0	0.0	0.0	0.0	0.0	0.0	0.0	0.0	0.0	0.0	31.0	1038.0	0.0	4.0	109.0	0.0
Республика Хакасия	персонал; Государственные, Муниципальные	Образовательные программы специалитета / 02	7.0	0.0	0.0	0.0	0.0	0.0	0.0	805.0	0.0	0.0	0.0	0.0	0.0	0.0	0.0	0.0	0.0	7.0	805.0	0.0	2.0	102.0	0.0
Российская Федерация	Всего	Образовательные программы бакалавриата / 01	30564.0	2895.0	9627.0	1705.0	3056.0	177.0	7926.0	2800405.0	1227.0	54004.0	39202.0	34670.0	7520.0	924.0	297.0	659.0	202.0	14926.0	1242959.0	30060.0	16188.0	1352368.0	41674.0
Российская Федерация	Всего	Образовательные программы магистратуры / 03	17642.0	1749.0	4707.0	767.0	1666.0	111.0	2608.0	537523.0	818.0	15455.0	10532.0	9787.0	3026.0	916.0	367.0	643.0	211.0	9273.0	261835.0	6493.0	9572.0	272985.0	10114.0
Российская Федерация	Всего	Образовательные программы специалитета / 02	4854.0	521.0	1246.0	248.0	320.0	4.0	871.0	832048.0	180.0	12204.0	8938.0	8290.0	1588.0	181.0	71.0	117.0	30.0	2497.0	401822.0	8372.0	2441.0	381692.0	2515.0
Российская Федерация	Всего; персонал	Образовательные программы бакалавриата / 01	30564.0	2895.0	9627.0	1705.0	3056.0	177.0	7926.0	2800405.0	1227.0	54004.0	39202.0	34670.0	7520.0	924.0	297.0	659.0	202.0	14926.0	1242959.0	30060.0	16188.0	1352368.0	41674.0
Российская Федерация	Всего; персонал	Образовательные программы магистратуры / 03	17642.0	1749.0	4707.0	767.0	1666.0	111.0	2608.0	537523.0	818.0	15455.0	10532.0	9787.0	3026.0	916.0	367.0	643.0	211.0	9273.0	261835.0	6493.0	9572.0	272985.0	10114.0
Российская Федерация	Всего; персонал	Образовательные программы специалитета / 02	4854.0	521.0	1246.0	248.0	320.0	4.0	871.0	832048.0	180.0	12204.0	8938.0	8290.0	1588.0	181.0	71.0	117.0	30.0	2497.0	401822.0	8372.0	2441.0	381692.0	2515.0
Российская Федерация	Государственные, Муниципальные	Образовательные программы бакалавриата / 01	28351.0	2705.0	9314.0	1631.0	2902.0	170.0	7462.0	2478412.0	1182.0	51845.0	38190.0	34338.0	7520.0	903.0	293.0	647.0	200.0	14267.0	1165248.0	29562.0	15209.0	1230998.0	30558.0
Российская Федерация	Государственные, Муниципальные	Образовательные программы магистратуры / 03	16884.0	1669.0	4633.0	753.0	1644.0	109.0	2578.0	507298.0	802.0	15287.0	10494.0	9754.0	3026.0	899.0	367.0	628.0	211.0	9045.0	255564.0	6493.0	9210.0	261451.0	9847.0
Российская Федерация	Государственные, Муниципальные	Образовательные программы специалитета / 02	4636.0	505.0	1220.0	247.0	312.0	4.0	853.0	798813.0	178.0	12034.0	8789.0	8290.0	1588.0	180.0	71.0	116.0	30.0	2464.0	398607.0	8372.0	2389.0	375005.0	2515.0
Российская Федерация	Частные	Образовательные программы бакалавриата / 01	2213.0	190.0	313.0	74.0	154.0	7.0	464.0	321993.0	45.0	2159.0	1012.0	332.0	0.0	21.0	4.0	12.0	2.0	659.0	77711.0	498.0	979.0	121370.0	11116.0
Российская Федерация	Частные	Образовательные программы магистратуры / 03	758.0	80.0	74.0	14.0	22.0	2.0	30.0	30225.0	16.0	168.0	38.0	33.0	0.0	17.0	0.0	15.0	0.0	228.0	6271.0	0.0	362.0	11534.0	267.0
Российская Федерация	Частные	Образовательные программы специалитета / 02	218.0	16.0	26.0	1.0	8.0	0.0	18.0	33235.0	2.0	170.0	149.0	0.0	0.0	1.0	0.0	1.0	0.0	33.0	3215.0	0.0	52.0	6687.0	0.0
Российская Федерация	персонал; Государственные, Муниципальные	Образовательные программы бакалавриата / 01	28351.0	2705.0	9314.0	1631.0	2902.0	170.0	7462.0	2478412.0	1182.0	51845.0	38190.0	34338.0	7520.0	903.0	293.0	647.0	200.0	14267.0	1165248.0	29562.0	15209.0	1230998.0	30558.0
Российская Федерация	персонал; Государственные, Муниципальные	Образовательные программы магистратуры / 03	16884.0	1669.0	4633.0	753.0	1644.0	109.0	2578.0	507298.0	802.0	15287.0	10494.0	9754.0	3026.0	899.0	367.0	628.0	211.0	9045.0	255564.0	6493.0	9210.0	261451.0	9847.0
Российская Федерация	персонал; Государственные, Муниципальные	Образовательные программы специалитета / 02	4636.0	505.0	1220.0	247.0	312.0	4.0	853.0	798813.0	178.0	12034.0	8789.0	8290.0	1588.0	180.0	71.0	116.0	30.0	2464.0	398607.0	8372.0	2389.0	375005.0	2515.0
Российская Федерация	персонал; Частные	Образовательные программы бакалавриата / 01	2213.0	190.0	313.0	74.0	154.0	7.0	464.0	321993.0	45.0	2159.0	1012.0	332.0	0.0	21.0	4.0	12.0	2.0	659.0	77711.0	498.0	979.0	121370.0	11116.0
Российская Федерация	персонал; Частные	Образовательные программы магистратуры / 03	758.0	80.0	74.0	14.0	22.0	2.0	30.0	30225.0	16.0	168.0	38.0	33.0	0.0	17.0	0.0	15.0	0.0	228.0	6271.0	0.0	362.0	11534.0	267.0
Российская Федерация	персонал; Частные	Образовательные программы специалитета / 02	218.0	16.0	26.0	1.0	8.0	0.0	18.0	33235.0	2.0	170.0	149.0	0.0	0.0	1.0	0.0	1.0	0.0	33.0	3215.0	0.0	52.0	6687.0	0.0
Ростовская область	персонал; Государственные, Муниципальные	Образовательные программы бакалавриата / 01	855.0	44.0	400.0	15.0	335.0	0.0	4.0	81929.0	29.0	716.0	716.0	716.0	501.0	38.0	25.0	6.0	5.0	253.0	31776.0	0.0	141.0	24953.0	129.0
Ростовская область	персонал; Государственные, Муниципальные	Образовательные программы магистратуры / 03	528.0	26.0	200.0	2.0	176.0	0.0	0.0	18143.0	23.0	425.0	425.0	402.0	136.0	42.0	14.0	6.0	4.0	120.0	4695.0	0.0	104.0	8491.0	279.0
Ростовская область	персонал; Государственные, Муниципальные	Образовательные программы специалитета / 02	174.0	28.0	84.0	8.0	64.0	0.0	2.0	28060.0	4.0	59.0	59.0	59.0	59.0	1.0	1.0	1.0	1.0	48.0	4166.0	0.0	36.0	3828.0	222.0
Ростовская область	персонал; Частные	Образовательные программы бакалавриата / 01	51.0	6.0	0.0	0.0	0.0	0.0	0.0	3560.0	0.0	0.0	0.0	0.0	0.0	0.0	0.0	0.0	0.0	7.0	950.0	0.0	38.0	1412.0	0.0
Ростовская область	персонал; Частные	Образовательные программы магистратуры / 03	24.0	0.0	0.0	0.0	0.0	0.0	0.0	531.0	0.0	0.0	0.0	0.0	0.0	0.0	0.0	0.0	0.0	5.0	259.0	0.0	21.0	417.0	0.0
Ростовская область	персонал; Частные	Образовательные программы специалитета / 02	1.0	0.0	0.0	0.0	0.0	0.0	0.0	48.0	0.0	0.0	0.0	0.0	0.0	0.0	0.0	0.0	0.0	0.0	0.0	0.0	1.0	0.0	0.0
Рязанская область	персонал; Государственные, Муниципальные	Образовательные программы бакалавриата / 01	284.0	21.0	1.0	1.0	0.0	0.0	0.0	15254.0	4.0	117.0	3.0	3.0	0.0	4.0	0.0	2.0	0.0	79.0	5072.0	0.0	247.0	12065.0	0.0
Рязанская область	персонал; Государственные, Муниципальные	Образовательные программы магистратуры / 03	129.0	11.0	0.0	0.0	0.0	0.0	0.0	2773.0	0.0	0.0	0.0	0.0	0.0	0.0	0.0	0.0	0.0	44.0	880.0	0.0	109.0	2226.0	0.0
Рязанская область	персонал; Государственные, Муниципальные	Образовательные программы специалитета / 02	37.0	4.0	0.0	0.0	0.0	0.0	0.0	8497.0	0.0	0.0	0.0	0.0	0.0	0.0	0.0	0.0	0.0	25.0	1585.0	0.0	26.0	1674.0	0.0
Рязанская область	персонал; Частные	Образовательные программы бакалавриата / 01	19.0	3.0	0.0	0.0	0.0	0.0	15.0	1733.0	0.0	0.0	0.0	0.0	0.0	0.0	0.0	0.0	0.0	0.0	0.0	0.0	8.0	140.0	0.0
Рязанская область	персонал; Частные	Образовательные программы магистратуры / 03	1.0	0.0	0.0	0.0	0.0	0.0	0.0	26.0	0.0	0.0	0.0	0.0	0.0	0.0	0.0	0.0	0.0	0.0	0.0	0.0	0.0	0.0	0.0
Рязанская область	персонал; Частные	Образовательные программы специалитета / 02	1.0	1.0	0.0	0.0	0.0	0.0	0.0	171.0	0.0	0.0	0.0	0.0	0.0	0.0	0.0	0.0	0.0	0.0	0.0	0.0	0.0	0.0	0.0
Самарская область	персонал; Государственные, Муниципальные	Образовательные программы бакалавриата / 01	830.0	57.0	197.0	46.0	153.0	29.0	1230.0	65131.0	11.0	238.0	113.0	113.0	33.0	12.0	6.0	12.0	6.0	291.0	26339.0	0.0	607.0	44757.0	9080.0
Самарская область	персонал; Государственные, Муниципальные	Образовательные программы магистратуры / 03	402.0	30.0	66.0	22.0	24.0	18.0	363.0	10707.0	4.0	49.0	1.0	0.0	0.0	8.0	4.0	8.0	4.0	202.0	5172.0	23.0	229.0	6099.0	1281.0
Самарская область	персонал; Государственные, Муниципальные	Образовательные программы специалитета / 02	109.0	12.0	33.0	11.0	20.0	0.0	203.0	18256.0	10.0	585.0	274.0	255.0	0.0	2.0	0.0	2.0	0.0	62.0	10405.0	0.0	68.0	11748.0	0.0
Самарская область	персонал; Частные	Образовательные программы бакалавриата / 01	82.0	0.0	0.0	0.0	0.0	0.0	0.0	3420.0	0.0	0.0	0.0	0.0	0.0	0.0	0.0	0.0	0.0	63.0	2293.0	0.0	63.0	2293.0	0.0
Самарская область	персонал; Частные	Образовательные программы магистратуры / 03	20.0	0.0	0.0	0.0	0.0	0.0	0.0	211.0	0.0	0.0	0.0	0.0	0.0	0.0	0.0	0.0	0.0	18.0	162.0	0.0	18.0	162.0	0.0
Самарская область	персонал; Частные	Образовательные программы специалитета / 02	8.0	0.0	0.0	0.0	0.0	0.0	0.0	2421.0	0.0	0.0	0.0	0.0	0.0	0.0	0.0	0.0	0.0	0.0	0.0	0.0	0.0	0.0	0.0
Саратовская область	персонал; Государственные, Муниципальные	Образовательные программы бакалавриата / 01	307.0	92.0	28.0	4.0	0.0	0.0	10.0	35647.0	5.0	199.0	6.0	6.0	2.0	2.0	1.0	2.0	1.0	159.0	20784.0	0.0	28.0	6270.0	0.0
Саратовская область	персонал; Государственные, Муниципальные	Образовательные программы магистратуры / 03	256.0	66.0	3.0	2.0	1.0	0.0	1.0	8868.0	9.0	110.0	84.0	45.0	1.0	9.0	1.0	9.0	1.0	161.0	5495.0	0.0	43.0	2416.0	0.0
Саратовская область	персонал; Государственные, Муниципальные	Образовательные программы специалитета / 02	66.0	20.0	13.0	1.0	0.0	0.0	6.0	21909.0	1.0	23.0	1.0	1.0	0.0	1.0	0.0	1.0	0.0	29.0	16511.0	0.0	18.0	15251.0	0.0
Саратовская область	персонал; Частные	Образовательные программы бакалавриата / 01	16.0	1.0	0.0	0.0	0.0	0.0	0.0	1194.0	0.0	0.0	0.0	0.0	0.0	0.0	0.0	0.0	0.0	0.0	0.0	0.0	1.0	72.0	0.0
Саратовская область	персонал; Частные	Образовательные программы магистратуры / 03	0.0	0.0	0.0	0.0	0.0	0.0	0.0	0.0	0.0	0.0	0.0	0.0	0.0	0.0	0.0	0.0	0.0	0.0	0.0	0.0	0.0	0.0	0.0
Саратовская область	персонал; Частные	Образовательные программы специалитета / 02	3.0	0.0	0.0	0.0	0.0	0.0	0.0	1431.0	0.0	0.0	0.0	0.0	0.0	0.0	0.0	0.0	0.0	0.0	0.0	0.0	0.0	0.0	0.0
Сахалинская область	персонал; Государственные, Муниципальные	Образовательные программы бакалавриата / 01	65.0	0.0	0.0	0.0	0.0	0.0	0.0	4105.0	0.0	0.0	0.0	0.0	0.0	0.0	0.0	0.0	0.0	65.0	4105.0	0.0	57.0	3059.0	0.0
Сахалинская область	персонал; Государственные, Муниципальные	Образовательные программы магистратуры / 03	12.0	0.0	0.0	0.0	0.0	0.0	0.0	341.0	0.0	0.0	0.0	0.0	0.0	0.0	0.0	0.0	0.0	12.0	341.0	0.0	12.0	341.0	0.0
Сахалинская область	персонал; Государственные, Муниципальные	Образовательные программы специалитета / 02	11.0	0.0	0.0	0.0	0.0	0.0	0.0	331.0	0.0	0.0	0.0	0.0	0.0	0.0	0.0	0.0	0.0	11.0	331.0	0.0	2.0	25.0	0.0
Свердловская область	персонал; Государственные, Муниципальные	Образовательные программы бакалавриата / 01	627.0	61.0	327.0	120.0	168.0	0.0	182.0	77816.0	20.0	875.0	740.0	740.0	739.0	15.0	11.0	11.0	7.0	340.0	35230.0	19932.0	288.0	23264.0	3676.0
Свердловская область	персонал; Государственные, Муниципальные	Образовательные программы магистратуры / 03	415.0	34.0	140.0	96.0	25.0	2.0	186.0	13606.0	13.0	389.0	389.0	389.0	215.0	15.0	10.0	10.0	5.0	152.0	3186.0	2447.0	68.0	1483.0	300.0
Свердловская область	персонал; Государственные, Муниципальные	Образовательные программы специалитета / 02	131.0	38.0	38.0	32.0	12.0	0.0	63.0	25745.0	10.0	81.0	81.0	81.0	81.0	18.0	17.0	3.0	2.0	58.0	10645.0	2514.0	59.0	9774.0	0.0
Свердловская область	персонал; Частные	Образовательные программы бакалавриата / 01	31.0	2.0	0.0	0.0	0.0	0.0	0.0	2541.0	0.0	0.0	0.0	0.0	0.0	0.0	0.0	0.0	0.0	0.0	0.0	0.0	5.0	403.0	0.0
Свердловская область	персонал; Частные	Образовательные программы магистратуры / 03	9.0	0.0	0.0	0.0	0.0	0.0	0.0	182.0	0.0	0.0	0.0	0.0	0.0	0.0	0.0	0.0	0.0	0.0	0.0	0.0	3.0	26.0	0.0
Свердловская область	персонал; Частные	Образовательные программы специалитета / 02	3.0	0.0	0.0	0.0	0.0	0.0	0.0	206.0	0.0	0.0	0.0	0.0	0.0	0.0	0.0	0.0	0.0	0.0	0.0	0.0	1.0	159.0	0.0
Смоленская область	персонал; Государственные, Муниципальные	Образовательные программы бакалавриата / 01	224.0	50.0	111.0	3.0	2.0	0.0	9.0	11883.0	1.0	23.0	0.0	0.0	0.0	1.0	0.0	1.0	0.0	107.0	3992.0	0.0	152.0	7402.0	0.0
Смоленская область	персонал; Государственные, Муниципальные	Образовательные программы магистратуры / 03	77.0	15.0	7.0	2.0	0.0	0.0	2.0	1808.0	0.0	0.0	0.0	0.0	0.0	0.0	0.0	0.0	0.0	40.0	749.0	0.0	57.0	1069.0	0.0
Смоленская область	персонал; Государственные, Муниципальные	Образовательные программы специалитета / 02	31.0	3.0	11.0	0.0	2.0	0.0	2.0	7466.0	2.0	22.0	22.0	22.0	22.0	2.0	2.0	1.0	1.0	21.0	5893.0	0.0	25.0	6276.0	0.0
Смоленская область	персонал; Частные	Образовательные программы бакалавриата / 01	15.0	0.0	0.0	0.0	0.0	0.0	0.0	1120.0	0.0	0.0	0.0	0.0	0.0	0.0	0.0	0.0	0.0	0.0	0.0	0.0	3.0	283.0	0.0
Смоленская область	персонал; Частные	Образовательные программы магистратуры / 03	0.0	0.0	0.0	0.0	0.0	0.0	0.0	0.0	0.0	0.0	0.0	0.0	0.0	0.0	0.0	0.0	0.0	0.0	0.0	0.0	0.0	0.0	0.0
Смоленская область	персонал; Частные	Образовательные программы специалитета / 02	1.0	0.0	0.0	0.0	0.0	0.0	0.0	90.0	0.0	0.0	0.0	0.0	0.0	0.0	0.0	0.0	0.0	0.0	0.0	0.0	1.0	90.0	0.0
Ставропольский край	персонал; Государственные, Муниципальные	Образовательные программы бакалавриата / 01	885.0	91.0	662.0	0.0	0.0	0.0	0.0	36975.0	19.0	633.0	562.0	562.0	0.0	21.0	0.0	8.0	0.0	781.0	26560.0	0.0	799.0	29494.0	1097.0
Ставропольский край	персонал; Государственные, Муниципальные	Образовательные программы магистратуры / 03	388.0	43.0	314.0	0.0	0.0	0.0	0.0	7857.0	21.0	330.0	330.0	301.0	0.0	37.0	0.0	8.0	0.0	331.0	6254.0	0.0	377.0	6763.0	0.0
Ставропольский край	персонал; Государственные, Муниципальные	Образовательные программы специалитета / 02	122.0	13.0	103.0	0.0	0.0	0.0	0.0	13031.0	4.0	85.0	85.0	85.0	0.0	4.0	0.0	3.0	0.0	108.0	6589.0	0.0	111.0	7748.0	0.0
Ставропольский край	персонал; Частные	Образовательные программы бакалавриата / 01	67.0	13.0	2.0	0.0	0.0	0.0	3.0	6080.0	0.0	0.0	0.0	0.0	0.0	0.0	0.0	0.0	0.0	44.0	4134.0	0.0	46.0	4188.0	0.0
Ставропольский край	персонал; Частные	Образовательные программы магистратуры / 03	28.0	5.0	0.0	0.0	0.0	0.0	0.0	674.0	0.0	0.0	0.0	0.0	0.0	0.0	0.0	0.0	0.0	18.0	273.0	0.0	18.0	273.0	0.0
Ставропольский край	персонал; Частные	Образовательные программы специалитета / 02	4.0	0.0	3.0	0.0	0.0	0.0	4.0	379.0	0.0	0.0	0.0	0.0	0.0	0.0	0.0	0.0	0.0	1.0	199.0	0.0	1.0	199.0	0.0
Тамбовская область	персонал; Государственные, Муниципальные	Образовательные программы бакалавриата / 01	195.0	6.0	99.0	21.0	53.0	0.0	3.0	17104.0	41.0	2033.0	1280.0	825.0	0.0	24.0	0.0	16.0	0.0	21.0	449.0	0.0	91.0	6932.0	0.0
Тамбовская область	персонал; Государственные, Муниципальные	Образовательные программы магистратуры / 03	178.0	1.0	118.0	47.0	70.0	0.0	0.0	4585.0	63.0	801.0	695.0	316.0	0.0	17.0	0.0	9.0	0.0	47.0	657.0	0.0	145.0	3363.0	0.0
Тамбовская область	персонал; Государственные, Муниципальные	Образовательные программы специалитета / 02	26.0	0.0	16.0	5.0	10.0	0.0	0.0	6709.0	7.0	498.0	498.0	325.0	0.0	4.0	0.0	6.0	0.0	5.0	155.0	0.0	15.0	1740.0	0.0
Тамбовская область	персонал; Частные	Образовательные программы бакалавриата / 01	4.0	0.0	0.0	0.0	0.0	0.0	0.0	728.0	0.0	0.0	0.0	0.0	0.0	0.0	0.0	0.0	0.0	0.0	0.0	0.0	0.0	0.0	0.0
Тамбовская область	персонал; Частные	Образовательные программы магистратуры / 03	1.0	0.0	0.0	0.0	0.0	0.0	0.0	8.0	0.0	0.0	0.0	0.0	0.0	0.0	0.0	0.0	0.0	0.0	0.0	0.0	0.0	0.0	0.0
Тамбовская область	персонал; Частные	Образовательные программы специалитета / 02	0.0	0.0	0.0	0.0	0.0	0.0	0.0	0.0	0.0	0.0	0.0	0.0	0.0	0.0	0.0	0.0	0.0	0.0	0.0	0.0	0.0	0.0	0.0
Тверская область	персонал; Государственные, Муниципальные	Образовательные программы бакалавриата / 01	137.0	68.0	82.0	1.0	0.0	0.0	6.0	13655.0	3.0	106.0	12.0	12.0	0.0	3.0	0.0	3.0	0.0	81.0	6070.0	0.0	81.0	6070.0	0.0
Тверская область	персонал; Государственные, Муниципальные	Образовательные программы магистратуры / 03	85.0	47.0	48.0	0.0	0.0	0.0	3.0	1801.0	0.0	0.0	0.0	0.0	0.0	0.0	0.0	0.0	0.0	48.0	875.0	0.0	48.0	875.0	0.0
Тверская область	персонал; Государственные, Муниципальные	Образовательные программы специалитета / 02	22.0	8.0	10.0	0.0	0.0	0.0	0.0	5762.0	0.0	0.0	0.0	0.0	0.0	0.0	0.0	0.0	0.0	10.0	898.0	0.0	10.0	898.0	0.0
Тверская область	персонал; Частные	Образовательные программы бакалавриата / 01	13.0	1.0	0.0	0.0	0.0	0.0	0.0	1055.0	0.0	0.0	0.0	0.0	0.0	0.0	0.0	0.0	0.0	6.0	890.0	0.0	6.0	890.0	0.0
Тверская область	персонал; Частные	Образовательные программы магистратуры / 03	0.0	0.0	0.0	0.0	0.0	0.0	0.0	0.0	0.0	0.0	0.0	0.0	0.0	0.0	0.0	0.0	0.0	0.0	0.0	0.0	0.0	0.0	0.0
Тверская область	персонал; Частные	Образовательные программы специалитета / 02	0.0	0.0	0.0	0.0	0.0	0.0	0.0	0.0	0.0	0.0	0.0	0.0	0.0	0.0	0.0	0.0	0.0	0.0	0.0	0.0	0.0	0.0	0.0
Томская область	персонал; Государственные, Муниципальные	Образовательные программы бакалавриата / 01	274.0	58.0	182.0	14.0	178.0	1.0	59.0	40943.0	11.0	772.0	269.0	269.0	269.0	8.0	5.0	8.0	5.0	134.0	17073.0	12.0	132.0	25231.0	12.0
Томская область	персонал; Государственные, Муниципальные	Образовательные программы магистратуры / 03	256.0	61.0	189.0	15.0	177.0	2.0	41.0	9871.0	26.0	447.0	316.0	316.0	93.0	34.0	24.0	17.0	11.0	153.0	6677.0	29.0	119.0	5489.0	29.0
Томская область	персонал; Государственные, Муниципальные	Образовательные программы специалитета / 02	48.0	14.0	31.0	0.0	29.0	0.0	0.0	11404.0	5.0	200.0	30.0	30.0	22.0	5.0	1.0	3.0	1.0	21.0	3277.0	0.0	20.0	2418.0	0.0
Томская область	персонал; Частные	Образовательные программы бакалавриата / 01	5.0	0.0	0.0	0.0	0.0	0.0	0.0	89.0	0.0	0.0	0.0	0.0	0.0	0.0	0.0	0.0	0.0	0.0	0.0	0.0	4.0	51.0	0.0
Томская область	персонал; Частные	Образовательные программы магистратуры / 03	0.0	0.0	0.0	0.0	0.0	0.0	0.0	0.0	0.0	0.0	0.0	0.0	0.0	0.0	0.0	0.0	0.0	0.0	0.0	0.0	0.0	0.0	0.0
Томская область	персонал; Частные	Образовательные программы специалитета / 02	0.0	0.0	0.0	0.0	0.0	0.0	0.0	0.0	0.0	0.0	0.0	0.0	0.0	0.0	0.0	0.0	0.0	0.0	0.0	0.0	0.0	0.0	0.0
Тульская область	персонал; Государственные, Муниципальные	Образовательные программы бакалавриата / 01	229.0	15.0	24.0	21.0	0.0	0.0	0.0	22090.0	0.0	0.0	0.0	0.0	0.0	0.0	0.0	0.0	0.0	120.0	566.0	0.0	134.0	3968.0	22.0
Тульская область	персонал; Государственные, Муниципальные	Образовательные программы магистратуры / 03	118.0	6.0	5.0	5.0	0.0	0.0	0.0	4174.0	1.0	15.0	15.0	15.0	0.0	1.0	0.0	1.0	0.0	64.0	127.0	0.0	70.0	1022.0	0.0
Тульская область	персонал; Государственные, Муниципальные	Образовательные программы специалитета / 02	21.0	1.0	3.0	3.0	0.0	0.0	0.0	5216.0	0.0	0.0	0.0	0.0	0.0	0.0	0.0	0.0	0.0	4.0	0.0	0.0	7.0	159.0	0.0
Тульская область	персонал; Частные	Образовательные программы бакалавриата / 01	26.0	11.0	0.0	0.0	0.0	0.0	0.0	1729.0	0.0	0.0	0.0	0.0	0.0	0.0	0.0	0.0	0.0	0.0	0.0	0.0	21.0	1532.0	0.0
Тульская область	персонал; Частные	Образовательные программы магистратуры / 03	2.0	0.0	0.0	0.0	0.0	0.0	0.0	12.0	0.0	0.0	0.0	0.0	0.0	0.0	0.0	0.0	0.0	0.0	0.0	0.0	2.0	12.0	0.0
Тульская область	персонал; Частные	Образовательные программы специалитета / 02	0.0	0.0	0.0	0.0	0.0	0.0	0.0	0.0	0.0	0.0	0.0	0.0	0.0	0.0	0.0	0.0	0.0	0.0	0.0	0.0	0.0	0.0	0.0
Тюменская область	персонал; Государственные, Муниципальные	Образовательные программы бакалавриата / 01	467.0	29.0	294.0	63.0	1.0	1.0	88.0	31378.0	54.0	1413.0	1413.0	1389.0	0.0	15.0	0.0	10.0	0.0	301.0	21184.0	627.0	43.0	5648.0	29.0
Тюменская область	персонал; Государственные, Муниципальные	Образовательные программы магистратуры / 03	169.0	27.0	1.0	1.0	0.0	0.0	2.0	4928.0	3.0	89.0	43.0	0.0	0.0	3.0	0.0	3.0	0.0	51.0	2639.0	0.0	11.0	399.0	0.0
Тюменская область	персонал; Государственные, Муниципальные	Образовательные программы специалитета / 02	77.0	7.0	16.0	16.0	0.0	0.0	29.0	10567.0	16.0	215.0	215.0	191.0	0.0	11.0	0.0	7.0	0.0	46.0	4275.0	152.0	5.0	5007.0	0.0
Тюменская область	персонал; Частные	Образовательные программы бакалавриата / 01	5.0	0.0	0.0	0.0	0.0	0.0	0.0	259.0	0.0	0.0	0.0	0.0	0.0	0.0	0.0	0.0	0.0	0.0	0.0	0.0	0.0	0.0	0.0
Тюменская область	персонал; Частные	Образовательные программы магистратуры / 03	0.0	0.0	0.0	0.0	0.0	0.0	0.0	0.0	0.0	0.0	0.0	0.0	0.0	0.0	0.0	0.0	0.0	0.0	0.0	0.0	0.0	0.0	0.0
Тюменская область	персонал; Частные	Образовательные программы специалитета / 02	0.0	0.0	0.0	0.0	0.0	0.0	0.0	0.0	0.0	0.0	0.0	0.0	0.0	0.0	0.0	0.0	0.0	0.0	0.0	0.0	0.0	0.0	0.0
Удмуртская Республика	персонал; Государственные, Муниципальные	Образовательные программы бакалавриата / 01	236.0	5.0	20.0	5.0	0.0	0.0	0.0	26488.0	0.0	0.0	0.0	0.0	0.0	0.0	0.0	0.0	0.0	48.0	2393.0	0.0	5.0	192.0	0.0
Удмуртская Республика	персонал; Государственные, Муниципальные	Образовательные программы магистратуры / 03	125.0	3.0	62.0	1.0	1.0	0.0	0.0	4884.0	2.0	55.0	2.0	2.0	0.0	0.0	0.0	0.0	0.0	9.0	167.0	0.0	3.0	66.0	0.0
Удмуртская Республика	персонал; Государственные, Муниципальные	Образовательные программы специалитета / 02	30.0	1.0	2.0	0.0	0.0	0.0	0.0	9089.0	0.0	0.0	0.0	0.0	0.0	0.0	0.0	0.0	0.0	0.0	0.0	0.0	0.0	0.0	0.0
Удмуртская Республика	персонал; Частные	Образовательные программы бакалавриата / 01	13.0	6.0	0.0	0.0	0.0	0.0	0.0	420.0	6.0	133.0	133.0	0.0	0.0	4.0	0.0	4.0	0.0	0.0	0.0	0.0	6.0	133.0	0.0
Удмуртская Республика	персонал; Частные	Образовательные программы магистратуры / 03	1.0	1.0	0.0	0.0	0.0	0.0	0.0	1.0	1.0	1.0	1.0	1.0	0.0	4.0	0.0	4.0	0.0	0.0	0.0	0.0	1.0	1.0	0.0
Удмуртская Республика	персонал; Частные	Образовательные программы специалитета / 02	0.0	0.0	0.0	0.0	0.0	0.0	0.0	0.0	0.0	0.0	0.0	0.0	0.0	0.0	0.0	0.0	0.0	0.0	0.0	0.0	0.0	0.0	0.0
Ульяновская область	персонал; Государственные, Муниципальные	Образовательные программы бакалавриата / 01	291.0	18.0	121.0	10.0	15.0	0.0	11.0	21931.0	1.0	36.0	36.0	36.0	0.0	1.0	0.0	1.0	0.0	88.0	5780.0	0.0	207.0	11709.0	1622.0
Ульяновская область	персонал; Государственные, Муниципальные	Образовательные программы магистратуры / 03	126.0	6.0	7.0	6.0	0.0	0.0	0.0	4125.0	9.0	159.0	130.0	110.0	0.0	8.0	0.0	8.0	0.0	24.0	1160.0	0.0	92.0	2380.0	342.0
Ульяновская область	персонал; Государственные, Муниципальные	Образовательные программы специалитета / 02	29.0	6.0	17.0	1.0	0.0	0.0	4.0	8776.0	0.0	0.0	0.0	0.0	0.0	0.0	0.0	0.0	0.0	17.0	5387.0	0.0	7.0	575.0	71.0
Хабаровский край	персонал; Государственные, Муниципальные	Образовательные программы бакалавриата / 01	378.0	1.0	60.0	2.0	0.0	0.0	6.0	23556.0	11.0	888.0	476.0	476.0	1.0	10.0	1.0	4.0	1.0	149.0	11400.0	0.0	160.0	11834.0	171.0
Хабаровский край	персонал; Государственные, Муниципальные	Образовательные программы магистратуры / 03	151.0	1.0	13.0	0.0	0.0	0.0	0.0	3961.0	2.0	17.0	17.0	10.0	0.0	2.0	0.0	2.0	0.0	70.0	2236.0	0.0	75.0	2319.0	223.0
Хабаровский край	персонал; Государственные, Муниципальные	Образовательные программы специалитета / 02	68.0	5.0	27.0	0.0	0.0	0.0	2.0	11074.0	2.0	135.0	89.0	89.0	0.0	5.0	0.0	3.0	0.0	50.0	9128.0	0.0	50.0	9023.0	89.0
Ханты-Мансийский автономный округ	персонал; Государственные, Муниципальные	Образовательные программы бакалавриата / 01	200.0	2.0	44.0	44.0	0.0	0.0	1.0	15069.0	0.0	0.0	0.0	0.0	0.0	0.0	0.0	0.0	0.0	98.0	5751.0	0.0	108.0	6544.0	0.0
Ханты-Мансийский автономный округ	персонал; Государственные, Муниципальные	Образовательные программы магистратуры / 03	119.0	3.0	37.0	29.0	0.0	0.0	0.0	2244.0	0.0	0.0	0.0	0.0	0.0	0.0	0.0	0.0	0.0	60.0	988.0	0.0	60.0	988.0	0.0
Ханты-Мансийский автономный округ	персонал; Государственные, Муниципальные	Образовательные программы специалитета / 02	14.0	0.0	7.0	7.0	0.0	0.0	0.0	2439.0	0.0	0.0	0.0	0.0	0.0	0.0	0.0	0.0	0.0	11.0	1977.0	0.0	12.0	2029.0	0.0
Челябинская область	персонал; Государственные, Муниципальные	Образовательные программы бакалавриата / 01	772.0	25.0	51.0	11.0	14.0	0.0	0.0	49819.0	0.0	0.0	0.0	0.0	0.0	0.0	0.0	0.0	0.0	577.0	29743.0	0.0	279.0	25904.0	1464.0
Челябинская область	персонал; Государственные, Муниципальные	Образовательные программы магистратуры / 03	315.0	19.0	16.0	6.0	6.0	0.0	0.0	9292.0	1.0	5.0	5.0	5.0	0.0	1.0	0.0	1.0	0.0	250.0	5598.0	0.0	166.0	5076.0	434.0
Челябинская область	персонал; Государственные, Муниципальные	Образовательные программы специалитета / 02	220.0	18.0	15.0	11.0	0.0	0.0	0.0	16186.0	0.0	0.0	0.0	0.0	0.0	0.0	0.0	0.0	0.0	185.0	12723.0	0.0	84.0	10764.0	175.0
Челябинская область	персонал; Частные	Образовательные программы бакалавриата / 01	33.0	11.0	0.0	0.0	0.0	0.0	0.0	5996.0	0.0	0.0	0.0	0.0	0.0	0.0	0.0	0.0	0.0	9.0	769.0	0.0	13.0	1052.0	0.0
Челябинская область	персонал; Частные	Образовательные программы магистратуры / 03	3.0	2.0	0.0	0.0	0.0	0.0	0.0	46.0	0.0	0.0	0.0	0.0	0.0	0.0	0.0	0.0	0.0	0.0	0.0	0.0	1.0	35.0	0.0
Челябинская область	персонал; Частные	Образовательные программы специалитета / 02	3.0	2.0	0.0	0.0	0.0	0.0	0.0	367.0	0.0	0.0	0.0	0.0	0.0	0.0	0.0	0.0	0.0	0.0	0.0	0.0	0.0	0.0	0.0
Чеченская Республика	персонал; Государственные, Муниципальные	Образовательные программы бакалавриата / 01	239.0	1.0	0.0	0.0	0.0	0.0	0.0	26425.0	9.0	1081.0	0.0	0.0	0.0	8.0	0.0	3.0	0.0	52.0	3506.0	0.0	171.0	6356.0	0.0
Чеченская Республика	персонал; Государственные, Муниципальные	Образовательные программы магистратуры / 03	114.0	1.0	0.0	0.0	0.0	0.0	0.0	3307.0	1.0	10.0	0.0	0.0	0.0	1.0	0.0	1.0	0.0	38.0	1154.0	0.0	70.0	1154.0	0.0
Чеченская Республика	персонал; Государственные, Муниципальные	Образовательные программы специалитета / 02	44.0	0.0	0.0	0.0	0.0	0.0	0.0	4819.0	0.0	0.0	0.0	0.0	0.0	0.0	0.0	0.0	0.0	14.0	161.0	0.0	34.0	946.0	0.0
Чеченская Республика	персонал; Частные	Образовательные программы бакалавриата / 01	2.0	0.0	0.0	0.0	0.0	0.0	0.0	910.0	0.0	0.0	0.0	0.0	0.0	0.0	0.0	0.0	0.0	0.0	0.0	0.0	0.0	0.0	0.0
Чеченская Республика	персонал; Частные	Образовательные программы магистратуры / 03	0.0	0.0	0.0	0.0	0.0	0.0	0.0	0.0	0.0	0.0	0.0	0.0	0.0	0.0	0.0	0.0	0.0	0.0	0.0	0.0	0.0	0.0	0.0
Чеченская Республика	персонал; Частные	Образовательные программы специалитета / 02	0.0	0.0	0.0	0.0	0.0	0.0	0.0	0.0	0.0	0.0	0.0	0.0	0.0	0.0	0.0	0.0	0.0	0.0	0.0	0.0	0.0	0.0	0.0
Чувашская Республика	персонал; Государственные, Муниципальные	Образовательные программы бакалавриата / 01	442.0	27.0	157.0	0.0	0.0	0.0	54.0	19333.0	0.0	0.0	0.0	0.0	0.0	0.0	0.0	0.0	0.0	3.0	687.0	0.0	168.0	11295.0	94.0
Чувашская Республика	персонал; Государственные, Муниципальные	Образовательные программы магистратуры / 03	118.0	3.0	60.0	0.0	0.0	0.0	34.0	2671.0	2.0	20.0	20.0	20.0	0.0	1.0	0.0	1.0	0.0	0.0	0.0	0.0	66.0	1712.0	180.0
Чувашская Республика	персонал; Государственные, Муниципальные	Образовательные программы специалитета / 02	50.0	4.0	25.0	0.0	0.0	0.0	0.0	10147.0	0.0	0.0	0.0	0.0	0.0	0.0	0.0	0.0	0.0	0.0	0.0	0.0	27.0	8997.0	0.0
Чувашская Республика	персонал; Частные	Образовательные программы бакалавриата / 01	25.0	0.0	0.0	0.0	0.0	0.0	0.0	2465.0	0.0	0.0	0.0	0.0	0.0	0.0	0.0	0.0	0.0	5.0	915.0	0.0	5.0	915.0	0.0
Чувашская Республика	персонал; Частные	Образовательные программы магистратуры / 03	19.0	0.0	0.0	0.0	0.0	0.0	0.0	477.0	0.0	0.0	0.0	0.0	0.0	0.0	0.0	0.0	0.0	0.0	0.0	0.0	0.0	0.0	0.0
Чувашская Республика	персонал; Частные	Образовательные программы специалитета / 02	0.0	0.0	0.0	0.0	0.0	0.0	0.0	0.0	0.0	0.0	0.0	0.0	0.0	0.0	0.0	0.0	0.0	0.0	0.0	0.0	0.0	0.0	0.0
Чукотский автономный округ	персонал; Государственные, Муниципальные	Образовательные программы бакалавриата / 01	5.0	0.0	0.0	0.0	0.0	0.0	0.0	96.0	0.0	0.0	0.0	0.0	0.0	0.0	0.0	0.0	0.0	5.0	96.0	0.0	5.0	96.0	0.0
Чукотский автономный округ	персонал; Государственные, Муниципальные	Образовательные программы магистратуры / 03	0.0	0.0	0.0	0.0	0.0	0.0	0.0	0.0	0.0	0.0	0.0	0.0	0.0	0.0	0.0	0.0	0.0	0.0	0.0	0.0	0.0	0.0	0.0
Чукотский автономный округ	персонал; Государственные, Муниципальные	Образовательные программы специалитета / 02	0.0	0.0	0.0	0.0	0.0	0.0	0.0	0.0	0.0	0.0	0.0	0.0	0.0	0.0	0.0	0.0	0.0	0.0	0.0	0.0	0.0	0.0	0.0
Ямало-Ненецкий автономный округ	персонал; Государственные, Муниципальные	Образовательные программы бакалавриата / 01	5.0	0.0	0.0	0.0	0.0	0.0	0.0	169.0	0.0	0.0	0.0	0.0	0.0	0.0	0.0	0.0	0.0	5.0	169.0	0.0	0.0	0.0	0.0
Ямало-Ненецкий автономный округ	персонал; Государственные, Муниципальные	Образовательные программы магистратуры / 03	0.0	0.0	0.0	0.0	0.0	0.0	0.0	0.0	0.0	0.0	0.0	0.0	0.0	0.0	0.0	0.0	0.0	0.0	0.0	0.0	0.0	0.0	0.0
Ямало-Ненецкий автономный округ	персонал; Государственные, Муниципальные	Образовательные программы специалитета / 02	0.0	0.0	0.0	0.0	0.0	0.0	0.0	0.0	0.0	0.0	0.0	0.0	0.0	0.0	0.0	0.0	0.0	0.0	0.0	0.0	0.0	0.0	0.0
Ярославская область	персонал; Государственные, Муниципальные	Образовательные программы бакалавриата / 01	302.0	26.0	217.0	3.0	0.0	0.0	1.0	19696.0	4.0	135.0	135.0	135.0	63.0	2.0	1.0	2.0	1.0	62.0	1443.0	0.0	126.0	6334.0	0.0
Ярославская область	персонал; Государственные, Муниципальные	Образовательные программы магистратуры / 03	125.0	3.0	33.0	0.0	0.0	0.0	0.0	3171.0	1.0	14.0	14.0	14.0	0.0	1.0	0.0	1.0	0.0	51.0	1167.0	0.0	29.0	698.0	0.0
Ярославская область	персонал; Государственные, Муниципальные	Образовательные программы специалитета / 02	26.0	0.0	7.0	0.0	0.0	0.0	1.0	4801.0	0.0	0.0	0.0	0.0	0.0	0.0	0.0	0.0	0.0	8.0	3416.0	8.0	22.0	4272.0	8.0
Ярославская область	персонал; Частные	Образовательные программы бакалавриата / 01	32.0	0.0	2.0	0.0	2.0	0.0	20.0	2698.0	0.0	0.0	0.0	0.0	0.0	0.0	0.0	0.0	0.0	2.0	107.0	0.0	0.0	0.0	0.0
Ярославская область	персонал; Частные	Образовательные программы магистратуры / 03	2.0	0.0	0.0	0.0	0.0	0.0	0.0	17.0	0.0	0.0	0.0	0.0	0.0	0.0	0.0	0.0	0.0	0.0	0.0	0.0	0.0	0.0	0.0
Ярославская область	персонал; Частные	Образовательные программы специалитета / 02	4.0	0.0	0.0	0.0	0.0	0.0	0.0	850.0	0.0	0.0	0.0	0.0	0.0	0.0	0.0	0.0	0.0	0.0	0.0	0.0	0.0	0.0	0.0
г.Москва	персонал; Государственные, Муниципальные	Образовательные программы бакалавриата / 01	3793.0	371.0	1880.0	362.0	771.0	74.0	2686.0	398106.0	353.0	19098.0	15319.0	14111.0	2939.0	310.0	142.0	259.0	92.0	2010.0	204505.0	492.0	2349.0	230232.0	3022.0
г.Москва	персонал; Государственные, Муниципальные	Образовательные программы магистратуры / 03	3231.0	427.0	1126.0	233.0	593.0	46.0	1199.0	106534.0	319.0	6205.0	4181.0	4102.0	1005.0	355.0	202.0	272.0	121.0	1782.0	56402.0	1415.0	2037.0	62669.0	3229.0
г.Москва	персонал; Государственные, Муниципальные	Образовательные программы специалитета / 02	806.0	99.0	213.0	43.0	52.0	0.0	32.0	123947.0	47.0	3266.0	1600.0	1361.0	26.0	32.0	12.0	29.0	6.0	449.0	62917.0	83.0	441.0	64860.0	0.0
г.Москва	персонал; Частные	Образовательные программы бакалавриата / 01	689.0	87.0	120.0	9.0	83.0	7.0	404.0	173442.0	24.0	1660.0	874.0	332.0	0.0	8.0	0.0	4.0	0.0	157.0	23129.0	0.0	318.0	56456.0	5637.0
г.Москва	персонал; Частные	Образовательные программы магистратуры / 03	330.0	46.0	9.0	0.0	7.0	2.0	29.0	19475.0	10.0	126.0	26.0	23.0	0.0	8.0	0.0	7.0	0.0	80.0	2401.0	0.0	173.0	7267.0	156.0
г.Москва	персонал; Частные	Образовательные программы специалитета / 02	74.0	4.0	11.0	0.0	6.0	0.0	14.0	14358.0	0.0	21.0	0.0	0.0	0.0	0.0	0.0	0.0	0.0	12.0	1215.0	0.0	24.0	3985.0	0.0
г.Санкт-Петербург	персонал; Государственные, Муниципальные	Образовательные программы бакалавриата / 01	1615.0	154.0	872.0	21.0	233.0	1.0	201.0	199443.0	24.0	961.0	925.0	859.0	797.0	76.0	13.0	27.0	12.0	1062.0	107961.0	24.0	1218.0	138416.0	39.0
г.Санкт-Петербург	персонал; Государственные, Муниципальные	Образовательные программы магистратуры / 03	1451.0	121.0	927.0	25.0	210.0	2.0	196.0	46617.0	68.0	3188.0	1463.0	1449.0	1140.0	90.0	26.0	72.0	15.0	1104.0	33140.0	0.0	1193.0	36540.0	26.0
г.Санкт-Петербург	персонал; Государственные, Муниципальные	Образовательные программы специалитета / 02	327.0	39.0	113.0	0.0	16.0	0.0	133.0	62614.0	2.0	62.0	62.0	62.0	0.0	2.0	0.0	2.0	0.0	130.0	28767.0	0.0	227.0	22169.0	0.0
г.Санкт-Петербург	персонал; Частные	Образовательные программы бакалавриата / 01	150.0	8.0	69.0	0.0	23.0	0.0	22.0	17381.0	0.0	0.0	0.0	0.0	0.0	0.0	0.0	0.0	0.0	52.0	6558.0	0.0	85.0	8916.0	0.0
г.Санкт-Петербург	персонал; Частные	Образовательные программы магистратуры / 03	69.0	3.0	7.0	0.0	0.0	0.0	0.0	2004.0	0.0	0.0	0.0	0.0	0.0	0.0	0.0	0.0	0.0	22.0	537.0	0.0	31.0	820.0	0.0
г.Санкт-Петербург	персонал; Частные	Образовательные программы специалитета / 02	17.0	3.0	1.0	0.0	0.0	0.0	0.0	2610.0	0.0	0.0	0.0	0.0	0.0	0.0	0.0	0.0	0.0	3.0	192.0	0.0	5.0	411.0	0.0
г.Севастополь	персонал; Государственные, Муниципальные	Образовательные программы бакалавриата / 01	82.0	5.0	53.0	0.0	0.0	0.0	0.0	9023.0	5.0	8.0	8.0	8.0	0.0	1.0	0.0	1.0	0.0	53.0	7403.0	0.0	76.0	8605.0	0.0
г.Севастополь	персонал; Государственные, Муниципальные	Образовательные программы магистратуры / 03	68.0	8.0	50.0	0.0	0.0	0.0	0.0	2150.0	1.0	1.0	1.0	1.0	0.0	1.0	0.0	1.0	0.0	50.0	1682.0	0.0	67.0	2063.0	0.0
г.Севастополь	персонал; Государственные, Муниципальные	Образовательные программы специалитета / 02	13.0	4.0	8.0	0.0	0.0	0.0	0.0	2731.0	4.0	3.0	3.0	3.0	0.0	1.0	0.0	1.0	0.0	8.0	1705.0	0.0	9.0	1735.0	0.0
г.Севастополь	персонал; Частные	Образовательные программы бакалавриата / 01	3.0	0.0	0.0	0.0	0.0	0.0	0.0	399.0	0.0	0.0	0.0	0.0	0.0	0.0	0.0	0.0	0.0	0.0	0.0	0.0	0.0	0.0	0.0
г.Севастополь	персонал; Частные	Образовательные программы магистратуры / 03	0.0	0.0	0.0	0.0	0.0	0.0	0.0	0.0	0.0	0.0	0.0	0.0	0.0	0.0	0.0	0.0	0.0	0.0	0.0	0.0	0.0	0.0	0.0
г.Севастополь	персонал; Частные	Образовательные программы специалитета / 02	0.0	0.0	0.0	0.0	0.0	0.0	0.0	0.0	0.0	0.0	0.0	0.0	0.0	0.0	0.0	0.0	0.0	0.0	0.0	0.0	0.0	0.0	0.0
