region	tags	indicator	Всего / 3
Алтайский край	персонал; Государственные, Муниципальные	Численность работников, выполняющих работы по договорам гражданско-правового характера - всего / 01	865.0
Алтайский край	персонал; Государственные, Муниципальные	из них осуществляющие образовательную деятельность  по образовательным программам высшего образования - программам бакалавриата, программам специалитета, программам магистратуры / 02	673.0
Алтайский край	персонал; Частные	Численность работников, выполняющих работы по договорам гражданско-правового характера - всего / 01	24.0
Алтайский край	персонал; Частные	из них осуществляющие образовательную деятельность  по образовательным программам высшего образования - программам бакалавриата, программам специалитета, программам магистратуры / 02	24.0
Амурская область	персонал; Государственные, Муниципальные	Численность работников, выполняющих работы по договорам гражданско-правового характера - всего / 01	1688.0
Амурская область	персонал; Государственные, Муниципальные	из них осуществляющие образовательную деятельность  по образовательным программам высшего образования - программам бакалавриата, программам специалитета, программам магистратуры / 02	68.0
Архангельская область	персонал; Государственные, Муниципальные	Численность работников, выполняющих работы по договорам гражданско-правового характера - всего / 01	90.0
Архангельская область	персонал; Государственные, Муниципальные	из них осуществляющие образовательную деятельность  по образовательным программам высшего образования - программам бакалавриата, программам специалитета, программам магистратуры / 02	68.0
Архангельская область	персонал; Частные	Численность работников, выполняющих работы по договорам гражданско-правового характера - всего / 01	48.0
Архангельская область	персонал; Частные	из них осуществляющие образовательную деятельность  по образовательным программам высшего образования - программам бакалавриата, программам специалитета, программам магистратуры / 02	43.0
Астраханская область	персонал; Государственные, Муниципальные	Численность работников, выполняющих работы по договорам гражданско-правового характера - всего / 01	775.0
Астраханская область	персонал; Государственные, Муниципальные	из них осуществляющие образовательную деятельность  по образовательным программам высшего образования - программам бакалавриата, программам специалитета, программам магистратуры / 02	392.0
Астраханская область	персонал; Частные	Численность работников, выполняющих работы по договорам гражданско-правового характера - всего / 01	4.0
Астраханская область	персонал; Частные	из них осуществляющие образовательную деятельность  по образовательным программам высшего образования - программам бакалавриата, программам специалитета, программам магистратуры / 02	4.0
Белгородская область	персонал; Государственные, Муниципальные	Численность работников, выполняющих работы по договорам гражданско-правового характера - всего / 01	1356.0
Белгородская область	персонал; Государственные, Муниципальные	из них осуществляющие образовательную деятельность  по образовательным программам высшего образования - программам бакалавриата, программам специалитета, программам магистратуры / 02	545.0
Белгородская область	персонал; Частные	Численность работников, выполняющих работы по договорам гражданско-правового характера - всего / 01	101.0
Белгородская область	персонал; Частные	из них осуществляющие образовательную деятельность  по образовательным программам высшего образования - программам бакалавриата, программам специалитета, программам магистратуры / 02	34.0
Брянская область	персонал; Государственные, Муниципальные	Численность работников, выполняющих работы по договорам гражданско-правового характера - всего / 01	136.0
Брянская область	персонал; Государственные, Муниципальные	из них осуществляющие образовательную деятельность  по образовательным программам высшего образования - программам бакалавриата, программам специалитета, программам магистратуры / 02	64.0
Брянская область	персонал; Частные	Численность работников, выполняющих работы по договорам гражданско-правового характера - всего / 01	6.0
Брянская область	персонал; Частные	из них осуществляющие образовательную деятельность  по образовательным программам высшего образования - программам бакалавриата, программам специалитета, программам магистратуры / 02	6.0
Владимирская область	персонал; Государственные, Муниципальные	Численность работников, выполняющих работы по договорам гражданско-правового характера - всего / 01	82.0
Владимирская область	персонал; Государственные, Муниципальные	из них осуществляющие образовательную деятельность  по образовательным программам высшего образования - программам бакалавриата, программам специалитета, программам магистратуры / 02	14.0
Владимирская область	персонал; Частные	Численность работников, выполняющих работы по договорам гражданско-правового характера - всего / 01	1.0
Владимирская область	персонал; Частные	из них осуществляющие образовательную деятельность  по образовательным программам высшего образования - программам бакалавриата, программам специалитета, программам магистратуры / 02	1.0
Волгоградская область	персонал; Государственные, Муниципальные	Численность работников, выполняющих работы по договорам гражданско-правового характера - всего / 01	919.0
Волгоградская область	персонал; Государственные, Муниципальные	из них осуществляющие образовательную деятельность  по образовательным программам высшего образования - программам бакалавриата, программам специалитета, программам магистратуры / 02	472.0
Волгоградская область	персонал; Частные	Численность работников, выполняющих работы по договорам гражданско-правового характера - всего / 01	67.0
Волгоградская область	персонал; Частные	из них осуществляющие образовательную деятельность  по образовательным программам высшего образования - программам бакалавриата, программам специалитета, программам магистратуры / 02	35.0
Вологодская область	персонал; Государственные, Муниципальные	Численность работников, выполняющих работы по договорам гражданско-правового характера - всего / 01	738.0
Вологодская область	персонал; Государственные, Муниципальные	из них осуществляющие образовательную деятельность  по образовательным программам высшего образования - программам бакалавриата, программам специалитета, программам магистратуры / 02	665.0
Воронежская область	персонал; Государственные, Муниципальные	Численность работников, выполняющих работы по договорам гражданско-правового характера - всего / 01	1351.0
Воронежская область	персонал; Государственные, Муниципальные	из них осуществляющие образовательную деятельность  по образовательным программам высшего образования - программам бакалавриата, программам специалитета, программам магистратуры / 02	805.0
Воронежская область	персонал; Частные	Численность работников, выполняющих работы по договорам гражданско-правового характера - всего / 01	54.0
Воронежская область	персонал; Частные	из них осуществляющие образовательную деятельность  по образовательным программам высшего образования - программам бакалавриата, программам специалитета, программам магистратуры / 02	49.0
Забайкальский край	персонал; Государственные, Муниципальные	Численность работников, выполняющих работы по договорам гражданско-правового характера - всего / 01	569.0
Забайкальский край	персонал; Государственные, Муниципальные	из них осуществляющие образовательную деятельность  по образовательным программам высшего образования - программам бакалавриата, программам специалитета, программам магистратуры / 02	425.0
Ивановская область	персонал; Государственные, Муниципальные	Численность работников, выполняющих работы по договорам гражданско-правового характера - всего / 01	398.0
Ивановская область	персонал; Государственные, Муниципальные	из них осуществляющие образовательную деятельность  по образовательным программам высшего образования - программам бакалавриата, программам специалитета, программам магистратуры / 02	316.0
Ивановская область	персонал; Частные	Численность работников, выполняющих работы по договорам гражданско-правового характера - всего / 01	11.0
Ивановская область	персонал; Частные	из них осуществляющие образовательную деятельность  по образовательным программам высшего образования - программам бакалавриата, программам специалитета, программам магистратуры / 02	7.0
Иркутская область	персонал; Государственные, Муниципальные	Численность работников, выполняющих работы по договорам гражданско-правового характера - всего / 01	981.0
Иркутская область	персонал; Государственные, Муниципальные	из них осуществляющие образовательную деятельность  по образовательным программам высшего образования - программам бакалавриата, программам специалитета, программам магистратуры / 02	498.0
Иркутская область	персонал; Частные	Численность работников, выполняющих работы по договорам гражданско-правового характера - всего / 01	10.0
Иркутская область	персонал; Частные	из них осуществляющие образовательную деятельность  по образовательным программам высшего образования - программам бакалавриата, программам специалитета, программам магистратуры / 02	10.0
Кабардино-Балкарская Республика	персонал; Государственные, Муниципальные	Численность работников, выполняющих работы по договорам гражданско-правового характера - всего / 01	254.0
Кабардино-Балкарская Республика	персонал; Государственные, Муниципальные	из них осуществляющие образовательную деятельность  по образовательным программам высшего образования - программам бакалавриата, программам специалитета, программам магистратуры / 02	231.0
Калининградская область	персонал; Государственные, Муниципальные	Численность работников, выполняющих работы по договорам гражданско-правового характера - всего / 01	793.0
Калининградская область	персонал; Государственные, Муниципальные	из них осуществляющие образовательную деятельность  по образовательным программам высшего образования - программам бакалавриата, программам специалитета, программам магистратуры / 02	515.0
Калининградская область	персонал; Частные	Численность работников, выполняющих работы по договорам гражданско-правового характера - всего / 01	53.0
Калининградская область	персонал; Частные	из них осуществляющие образовательную деятельность  по образовательным программам высшего образования - программам бакалавриата, программам специалитета, программам магистратуры / 02	40.0
Калужская область	персонал; Государственные, Муниципальные	Численность работников, выполняющих работы по договорам гражданско-правового характера - всего / 01	1435.0
Калужская область	персонал; Государственные, Муниципальные	из них осуществляющие образовательную деятельность  по образовательным программам высшего образования - программам бакалавриата, программам специалитета, программам магистратуры / 02	1292.0
Калужская область	персонал; Частные	Численность работников, выполняющих работы по договорам гражданско-правового характера - всего / 01	36.0
Калужская область	персонал; Частные	из них осуществляющие образовательную деятельность  по образовательным программам высшего образования - программам бакалавриата, программам специалитета, программам магистратуры / 02	36.0
Камчатский край	персонал; Государственные, Муниципальные	Численность работников, выполняющих работы по договорам гражданско-правового характера - всего / 01	157.0
Камчатский край	персонал; Государственные, Муниципальные	из них осуществляющие образовательную деятельность  по образовательным программам высшего образования - программам бакалавриата, программам специалитета, программам магистратуры / 02	140.0
Камчатский край	персонал; Частные	Численность работников, выполняющих работы по договорам гражданско-правового характера - всего / 01	11.0
Камчатский край	персонал; Частные	из них осуществляющие образовательную деятельность  по образовательным программам высшего образования - программам бакалавриата, программам специалитета, программам магистратуры / 02	11.0
Карачаево-Черкесская Республика	персонал; Государственные, Муниципальные	Численность работников, выполняющих работы по договорам гражданско-правового характера - всего / 01	66.0
Карачаево-Черкесская Республика	персонал; Государственные, Муниципальные	из них осуществляющие образовательную деятельность  по образовательным программам высшего образования - программам бакалавриата, программам специалитета, программам магистратуры / 02	36.0
Карачаево-Черкесская Республика	персонал; Частные	Численность работников, выполняющих работы по договорам гражданско-правового характера - всего / 01	17.0
Карачаево-Черкесская Республика	персонал; Частные	из них осуществляющие образовательную деятельность  по образовательным программам высшего образования - программам бакалавриата, программам специалитета, программам магистратуры / 02	17.0
Кемеровская область	персонал; Государственные, Муниципальные	Численность работников, выполняющих работы по договорам гражданско-правового характера - всего / 01	856.0
Кемеровская область	персонал; Государственные, Муниципальные	из них осуществляющие образовательную деятельность  по образовательным программам высшего образования - программам бакалавриата, программам специалитета, программам магистратуры / 02	569.0
Кемеровская область	персонал; Частные	Численность работников, выполняющих работы по договорам гражданско-правового характера - всего / 01	2.0
Кемеровская область	персонал; Частные	из них осуществляющие образовательную деятельность  по образовательным программам высшего образования - программам бакалавриата, программам специалитета, программам магистратуры / 02	2.0
Кировская область	персонал; Государственные, Муниципальные	Численность работников, выполняющих работы по договорам гражданско-правового характера - всего / 01	132.0
Кировская область	персонал; Государственные, Муниципальные	из них осуществляющие образовательную деятельность  по образовательным программам высшего образования - программам бакалавриата, программам специалитета, программам магистратуры / 02	68.0
Кировская область	персонал; Частные	Численность работников, выполняющих работы по договорам гражданско-правового характера - всего / 01	47.0
Кировская область	персонал; Частные	из них осуществляющие образовательную деятельность  по образовательным программам высшего образования - программам бакалавриата, программам специалитета, программам магистратуры / 02	47.0
Костромская область	персонал; Государственные, Муниципальные	Численность работников, выполняющих работы по договорам гражданско-правового характера - всего / 01	78.0
Костромская область	персонал; Государственные, Муниципальные	из них осуществляющие образовательную деятельность  по образовательным программам высшего образования - программам бакалавриата, программам специалитета, программам магистратуры / 02	78.0
Краснодарский край	персонал; Государственные, Муниципальные	Численность работников, выполняющих работы по договорам гражданско-правового характера - всего / 01	1436.0
Краснодарский край	персонал; Государственные, Муниципальные	из них осуществляющие образовательную деятельность  по образовательным программам высшего образования - программам бакалавриата, программам специалитета, программам магистратуры / 02	763.0
Краснодарский край	персонал; Частные	Численность работников, выполняющих работы по договорам гражданско-правового характера - всего / 01	75.0
Краснодарский край	персонал; Частные	из них осуществляющие образовательную деятельность  по образовательным программам высшего образования - программам бакалавриата, программам специалитета, программам магистратуры / 02	53.0
Красноярский край	персонал; Государственные, Муниципальные	Численность работников, выполняющих работы по договорам гражданско-правового характера - всего / 01	424.0
Красноярский край	персонал; Государственные, Муниципальные	из них осуществляющие образовательную деятельность  по образовательным программам высшего образования - программам бакалавриата, программам специалитета, программам магистратуры / 02	289.0
Красноярский край	персонал; Частные	Численность работников, выполняющих работы по договорам гражданско-правового характера - всего / 01	52.0
Красноярский край	персонал; Частные	из них осуществляющие образовательную деятельность  по образовательным программам высшего образования - программам бакалавриата, программам специалитета, программам магистратуры / 02	20.0
Курганская область	персонал; Государственные, Муниципальные	Численность работников, выполняющих работы по договорам гражданско-правового характера - всего / 01	360.0
Курганская область	персонал; Государственные, Муниципальные	из них осуществляющие образовательную деятельность  по образовательным программам высшего образования - программам бакалавриата, программам специалитета, программам магистратуры / 02	349.0
Курганская область	персонал; Частные	Численность работников, выполняющих работы по договорам гражданско-правового характера - всего / 01	0.0
Курганская область	персонал; Частные	из них осуществляющие образовательную деятельность  по образовательным программам высшего образования - программам бакалавриата, программам специалитета, программам магистратуры / 02	0.0
Курская область	персонал; Государственные, Муниципальные	Численность работников, выполняющих работы по договорам гражданско-правового характера - всего / 01	548.0
Курская область	персонал; Государственные, Муниципальные	из них осуществляющие образовательную деятельность  по образовательным программам высшего образования - программам бакалавриата, программам специалитета, программам магистратуры / 02	198.0
Курская область	персонал; Частные	Численность работников, выполняющих работы по договорам гражданско-правового характера - всего / 01	33.0
Курская область	персонал; Частные	из них осуществляющие образовательную деятельность  по образовательным программам высшего образования - программам бакалавриата, программам специалитета, программам магистратуры / 02	33.0
Ленинградская область	персонал; Государственные, Муниципальные	Численность работников, выполняющих работы по договорам гражданско-правового характера - всего / 01	27.0
Ленинградская область	персонал; Государственные, Муниципальные	из них осуществляющие образовательную деятельность  по образовательным программам высшего образования - программам бакалавриата, программам специалитета, программам магистратуры / 02	27.0
Липецкая область	персонал; Государственные, Муниципальные	Численность работников, выполняющих работы по договорам гражданско-правового характера - всего / 01	167.0
Липецкая область	персонал; Государственные, Муниципальные	из них осуществляющие образовательную деятельность  по образовательным программам высшего образования - программам бакалавриата, программам специалитета, программам магистратуры / 02	155.0
Липецкая область	персонал; Частные	Численность работников, выполняющих работы по договорам гражданско-правового характера - всего / 01	25.0
Липецкая область	персонал; Частные	из них осуществляющие образовательную деятельность  по образовательным программам высшего образования - программам бакалавриата, программам специалитета, программам магистратуры / 02	24.0
Магаданская область	персонал; Государственные, Муниципальные	Численность работников, выполняющих работы по договорам гражданско-правового характера - всего / 01	153.0
Магаданская область	персонал; Государственные, Муниципальные	из них осуществляющие образовательную деятельность  по образовательным программам высшего образования - программам бакалавриата, программам специалитета, программам магистратуры / 02	151.0
Московская область	персонал; Государственные, Муниципальные	Численность работников, выполняющих работы по договорам гражданско-правового характера - всего / 01	851.0
Московская область	персонал; Государственные, Муниципальные	из них осуществляющие образовательную деятельность  по образовательным программам высшего образования - программам бакалавриата, программам специалитета, программам магистратуры / 02	679.0
Московская область	персонал; Частные	Численность работников, выполняющих работы по договорам гражданско-правового характера - всего / 01	126.0
Московская область	персонал; Частные	из них осуществляющие образовательную деятельность  по образовательным программам высшего образования - программам бакалавриата, программам специалитета, программам магистратуры / 02	112.0
Мурманская область	персонал; Государственные, Муниципальные	Численность работников, выполняющих работы по договорам гражданско-правового характера - всего / 01	389.0
Мурманская область	персонал; Государственные, Муниципальные	из них осуществляющие образовательную деятельность  по образовательным программам высшего образования - программам бакалавриата, программам специалитета, программам магистратуры / 02	314.0
Мурманская область	персонал; Частные	Численность работников, выполняющих работы по договорам гражданско-правового характера - всего / 01	23.0
Мурманская область	персонал; Частные	из них осуществляющие образовательную деятельность  по образовательным программам высшего образования - программам бакалавриата, программам специалитета, программам магистратуры / 02	23.0
Нижегородская область	персонал; Государственные, Муниципальные	Численность работников, выполняющих работы по договорам гражданско-правового характера - всего / 01	2905.0
Нижегородская область	персонал; Государственные, Муниципальные	из них осуществляющие образовательную деятельность  по образовательным программам высшего образования - программам бакалавриата, программам специалитета, программам магистратуры / 02	1847.0
Нижегородская область	персонал; Частные	Численность работников, выполняющих работы по договорам гражданско-правового характера - всего / 01	40.0
Нижегородская область	персонал; Частные	из них осуществляющие образовательную деятельность  по образовательным программам высшего образования - программам бакалавриата, программам специалитета, программам магистратуры / 02	40.0
Новгородская область	персонал; Государственные, Муниципальные	Численность работников, выполняющих работы по договорам гражданско-правового характера - всего / 01	61.0
Новгородская область	персонал; Государственные, Муниципальные	из них осуществляющие образовательную деятельность  по образовательным программам высшего образования - программам бакалавриата, программам специалитета, программам магистратуры / 02	61.0
Новосибирская область	персонал; Государственные, Муниципальные	Численность работников, выполняющих работы по договорам гражданско-правового характера - всего / 01	2156.0
Новосибирская область	персонал; Государственные, Муниципальные	из них осуществляющие образовательную деятельность  по образовательным программам высшего образования - программам бакалавриата, программам специалитета, программам магистратуры / 02	1016.0
Новосибирская область	персонал; Частные	Численность работников, выполняющих работы по договорам гражданско-правового характера - всего / 01	114.0
Новосибирская область	персонал; Частные	из них осуществляющие образовательную деятельность  по образовательным программам высшего образования - программам бакалавриата, программам специалитета, программам магистратуры / 02	114.0
Омская область	персонал; Государственные, Муниципальные	Численность работников, выполняющих работы по договорам гражданско-правового характера - всего / 01	837.0
Омская область	персонал; Государственные, Муниципальные	из них осуществляющие образовательную деятельность  по образовательным программам высшего образования - программам бакалавриата, программам специалитета, программам магистратуры / 02	417.0
Омская область	персонал; Частные	Численность работников, выполняющих работы по договорам гражданско-правового характера - всего / 01	220.0
Омская область	персонал; Частные	из них осуществляющие образовательную деятельность  по образовательным программам высшего образования - программам бакалавриата, программам специалитета, программам магистратуры / 02	51.0
Оренбургская область	персонал; Государственные, Муниципальные	Численность работников, выполняющих работы по договорам гражданско-правового характера - всего / 01	67.0
Оренбургская область	персонал; Государственные, Муниципальные	из них осуществляющие образовательную деятельность  по образовательным программам высшего образования - программам бакалавриата, программам специалитета, программам магистратуры / 02	36.0
Оренбургская область	персонал; Частные	Численность работников, выполняющих работы по договорам гражданско-правового характера - всего / 01	18.0
Оренбургская область	персонал; Частные	из них осуществляющие образовательную деятельность  по образовательным программам высшего образования - программам бакалавриата, программам специалитета, программам магистратуры / 02	13.0
Орловская область	персонал; Государственные, Муниципальные	Численность работников, выполняющих работы по договорам гражданско-правового характера - всего / 01	343.0
Орловская область	персонал; Государственные, Муниципальные	из них осуществляющие образовательную деятельность  по образовательным программам высшего образования - программам бакалавриата, программам специалитета, программам магистратуры / 02	201.0
Орловская область	персонал; Частные	Численность работников, выполняющих работы по договорам гражданско-правового характера - всего / 01	2.0
Орловская область	персонал; Частные	из них осуществляющие образовательную деятельность  по образовательным программам высшего образования - программам бакалавриата, программам специалитета, программам магистратуры / 02	2.0
Пензенская область	персонал; Государственные, Муниципальные	Численность работников, выполняющих работы по договорам гражданско-правового характера - всего / 01	692.0
Пензенская область	персонал; Государственные, Муниципальные	из них осуществляющие образовательную деятельность  по образовательным программам высшего образования - программам бакалавриата, программам специалитета, программам магистратуры / 02	30.0
Пензенская область	персонал; Частные	Численность работников, выполняющих работы по договорам гражданско-правового характера - всего / 01	11.0
Пензенская область	персонал; Частные	из них осуществляющие образовательную деятельность  по образовательным программам высшего образования - программам бакалавриата, программам специалитета, программам магистратуры / 02	11.0
Пермский край	персонал; Государственные, Муниципальные	Численность работников, выполняющих работы по договорам гражданско-правового характера - всего / 01	1157.0
Пермский край	персонал; Государственные, Муниципальные	из них осуществляющие образовательную деятельность  по образовательным программам высшего образования - программам бакалавриата, программам специалитета, программам магистратуры / 02	716.0
Пермский край	персонал; Частные	Численность работников, выполняющих работы по договорам гражданско-правового характера - всего / 01	30.0
Пермский край	персонал; Частные	из них осуществляющие образовательную деятельность  по образовательным программам высшего образования - программам бакалавриата, программам специалитета, программам магистратуры / 02	22.0
Приморский край	персонал; Государственные, Муниципальные	Численность работников, выполняющих работы по договорам гражданско-правового характера - всего / 01	1690.0
Приморский край	персонал; Государственные, Муниципальные	из них осуществляющие образовательную деятельность  по образовательным программам высшего образования - программам бакалавриата, программам специалитета, программам магистратуры / 02	1070.0
Приморский край	персонал; Частные	Численность работников, выполняющих работы по договорам гражданско-правового характера - всего / 01	26.0
Приморский край	персонал; Частные	из них осуществляющие образовательную деятельность  по образовательным программам высшего образования - программам бакалавриата, программам специалитета, программам магистратуры / 02	15.0
Псковская область	персонал; Государственные, Муниципальные	Численность работников, выполняющих работы по договорам гражданско-правового характера - всего / 01	232.0
Псковская область	персонал; Государственные, Муниципальные	из них осуществляющие образовательную деятельность  по образовательным программам высшего образования - программам бакалавриата, программам специалитета, программам магистратуры / 02	164.0
Псковская область	персонал; Частные	Численность работников, выполняющих работы по договорам гражданско-правового характера - всего / 01	27.0
Псковская область	персонал; Частные	из них осуществляющие образовательную деятельность  по образовательным программам высшего образования - программам бакалавриата, программам специалитета, программам магистратуры / 02	17.0
Республика Адыгея	персонал; Государственные, Муниципальные	Численность работников, выполняющих работы по договорам гражданско-правового характера - всего / 01	1460.0
Республика Адыгея	персонал; Государственные, Муниципальные	из них осуществляющие образовательную деятельность  по образовательным программам высшего образования - программам бакалавриата, программам специалитета, программам магистратуры / 02	222.0
Республика Алтай	персонал; Государственные, Муниципальные	Численность работников, выполняющих работы по договорам гражданско-правового характера - всего / 01	36.0
Республика Алтай	персонал; Государственные, Муниципальные	из них осуществляющие образовательную деятельность  по образовательным программам высшего образования - программам бакалавриата, программам специалитета, программам магистратуры / 02	36.0
Республика Башкортостан	персонал; Государственные, Муниципальные	Численность работников, выполняющих работы по договорам гражданско-правового характера - всего / 01	2874.0
Республика Башкортостан	персонал; Государственные, Муниципальные	из них осуществляющие образовательную деятельность  по образовательным программам высшего образования - программам бакалавриата, программам специалитета, программам магистратуры / 02	1619.0
Республика Башкортостан	персонал; Частные	Численность работников, выполняющих работы по договорам гражданско-правового характера - всего / 01	42.0
Республика Башкортостан	персонал; Частные	из них осуществляющие образовательную деятельность  по образовательным программам высшего образования - программам бакалавриата, программам специалитета, программам магистратуры / 02	28.0
Республика Бурятия	персонал; Государственные, Муниципальные	Численность работников, выполняющих работы по договорам гражданско-правового характера - всего / 01	176.0
Республика Бурятия	персонал; Государственные, Муниципальные	из них осуществляющие образовательную деятельность  по образовательным программам высшего образования - программам бакалавриата, программам специалитета, программам магистратуры / 02	168.0
Республика Бурятия	персонал; Частные	Численность работников, выполняющих работы по договорам гражданско-правового характера - всего / 01	13.0
Республика Бурятия	персонал; Частные	из них осуществляющие образовательную деятельность  по образовательным программам высшего образования - программам бакалавриата, программам специалитета, программам магистратуры / 02	13.0
Республика Дагестан	персонал; Государственные, Муниципальные	Численность работников, выполняющих работы по договорам гражданско-правового характера - всего / 01	139.0
Республика Дагестан	персонал; Государственные, Муниципальные	из них осуществляющие образовательную деятельность  по образовательным программам высшего образования - программам бакалавриата, программам специалитета, программам магистратуры / 02	80.0
Республика Дагестан	персонал; Частные	Численность работников, выполняющих работы по договорам гражданско-правового характера - всего / 01	42.0
Республика Дагестан	персонал; Частные	из них осуществляющие образовательную деятельность  по образовательным программам высшего образования - программам бакалавриата, программам специалитета, программам магистратуры / 02	41.0
Республика Ингушетия	персонал; Государственные, Муниципальные	Численность работников, выполняющих работы по договорам гражданско-правового характера - всего / 01	50.0
Республика Ингушетия	персонал; Государственные, Муниципальные	из них осуществляющие образовательную деятельность  по образовательным программам высшего образования - программам бакалавриата, программам специалитета, программам магистратуры / 02	12.0
Республика Ингушетия	персонал; Частные	Численность работников, выполняющих работы по договорам гражданско-правового характера - всего / 01	13.0
Республика Ингушетия	персонал; Частные	из них осуществляющие образовательную деятельность  по образовательным программам высшего образования - программам бакалавриата, программам специалитета, программам магистратуры / 02	13.0
Республика Калмыкия	персонал; Государственные, Муниципальные	Численность работников, выполняющих работы по договорам гражданско-правового характера - всего / 01	217.0
Республика Калмыкия	персонал; Государственные, Муниципальные	из них осуществляющие образовательную деятельность  по образовательным программам высшего образования - программам бакалавриата, программам специалитета, программам магистратуры / 02	130.0
Республика Калмыкия	персонал; Частные	Численность работников, выполняющих работы по договорам гражданско-правового характера - всего / 01	10.0
Республика Калмыкия	персонал; Частные	из них осуществляющие образовательную деятельность  по образовательным программам высшего образования - программам бакалавриата, программам специалитета, программам магистратуры / 02	10.0
Республика Карелия	персонал; Государственные, Муниципальные	Численность работников, выполняющих работы по договорам гражданско-правового характера - всего / 01	572.0
Республика Карелия	персонал; Государственные, Муниципальные	из них осуществляющие образовательную деятельность  по образовательным программам высшего образования - программам бакалавриата, программам специалитета, программам магистратуры / 02	302.0
Республика Коми	персонал; Государственные, Муниципальные	Численность работников, выполняющих работы по договорам гражданско-правового характера - всего / 01	151.0
Республика Коми	персонал; Государственные, Муниципальные	из них осуществляющие образовательную деятельность  по образовательным программам высшего образования - программам бакалавриата, программам специалитета, программам магистратуры / 02	12.0
Республика Крым	персонал; Государственные, Муниципальные	Численность работников, выполняющих работы по договорам гражданско-правового характера - всего / 01	42.0
Республика Крым	персонал; Государственные, Муниципальные	из них осуществляющие образовательную деятельность  по образовательным программам высшего образования - программам бакалавриата, программам специалитета, программам магистратуры / 02	41.0
Республика Крым	персонал; Частные	Численность работников, выполняющих работы по договорам гражданско-правового характера - всего / 01	0.0
Республика Крым	персонал; Частные	из них осуществляющие образовательную деятельность  по образовательным программам высшего образования - программам бакалавриата, программам специалитета, программам магистратуры / 02	0.0
Республика Марий Эл	персонал; Государственные, Муниципальные	Численность работников, выполняющих работы по договорам гражданско-правового характера - всего / 01	960.0
Республика Марий Эл	персонал; Государственные, Муниципальные	из них осуществляющие образовательную деятельность  по образовательным программам высшего образования - программам бакалавриата, программам специалитета, программам магистратуры / 02	771.0
Республика Марий Эл	персонал; Частные	Численность работников, выполняющих работы по договорам гражданско-правового характера - всего / 01	8.0
Республика Марий Эл	персонал; Частные	из них осуществляющие образовательную деятельность  по образовательным программам высшего образования - программам бакалавриата, программам специалитета, программам магистратуры / 02	8.0
Республика Мордовия	персонал; Государственные, Муниципальные	Численность работников, выполняющих работы по договорам гражданско-правового характера - всего / 01	889.0
Республика Мордовия	персонал; Государственные, Муниципальные	из них осуществляющие образовательную деятельность  по образовательным программам высшего образования - программам бакалавриата, программам специалитета, программам магистратуры / 02	647.0
Республика Мордовия	персонал; Частные	Численность работников, выполняющих работы по договорам гражданско-правового характера - всего / 01	14.0
Республика Мордовия	персонал; Частные	из них осуществляющие образовательную деятельность  по образовательным программам высшего образования - программам бакалавриата, программам специалитета, программам магистратуры / 02	6.0
Республика Саха (Якутия)	персонал; Государственные, Муниципальные	Численность работников, выполняющих работы по договорам гражданско-правового характера - всего / 01	1683.0
Республика Саха (Якутия)	персонал; Государственные, Муниципальные	из них осуществляющие образовательную деятельность  по образовательным программам высшего образования - программам бакалавриата, программам специалитета, программам магистратуры / 02	615.0
Республика Саха (Якутия)	персонал; Частные	Численность работников, выполняющих работы по договорам гражданско-правового характера - всего / 01	6.0
Республика Саха (Якутия)	персонал; Частные	из них осуществляющие образовательную деятельность  по образовательным программам высшего образования - программам бакалавриата, программам специалитета, программам магистратуры / 02	6.0
Республика Северная Осетия - Алания	персонал; Государственные, Муниципальные	Численность работников, выполняющих работы по договорам гражданско-правового характера - всего / 01	774.0
Республика Северная Осетия - Алания	персонал; Государственные, Муниципальные	из них осуществляющие образовательную деятельность  по образовательным программам высшего образования - программам бакалавриата, программам специалитета, программам магистратуры / 02	663.0
Республика Северная Осетия - Алания	персонал; Частные	Численность работников, выполняющих работы по договорам гражданско-правового характера - всего / 01	6.0
Республика Северная Осетия - Алания	персонал; Частные	из них осуществляющие образовательную деятельность  по образовательным программам высшего образования - программам бакалавриата, программам специалитета, программам магистратуры / 02	6.0
Республика Татарстан	персонал; Государственные, Муниципальные	Численность работников, выполняющих работы по договорам гражданско-правового характера - всего / 01	1930.0
Республика Татарстан	персонал; Государственные, Муниципальные	из них осуществляющие образовательную деятельность  по образовательным программам высшего образования - программам бакалавриата, программам специалитета, программам магистратуры / 02	1551.0
Республика Татарстан	персонал; Частные	Численность работников, выполняющих работы по договорам гражданско-правового характера - всего / 01	961.0
Республика Татарстан	персонал; Частные	из них осуществляющие образовательную деятельность  по образовательным программам высшего образования - программам бакалавриата, программам специалитета, программам магистратуры / 02	131.0
Республика Тыва	персонал; Государственные, Муниципальные	Численность работников, выполняющих работы по договорам гражданско-правового характера - всего / 01	138.0
Республика Тыва	персонал; Государственные, Муниципальные	из них осуществляющие образовательную деятельность  по образовательным программам высшего образования - программам бакалавриата, программам специалитета, программам магистратуры / 02	58.0
Республика Тыва	персонал; Частные	Численность работников, выполняющих работы по договорам гражданско-правового характера - всего / 01	0.0
Республика Тыва	персонал; Частные	из них осуществляющие образовательную деятельность  по образовательным программам высшего образования - программам бакалавриата, программам специалитета, программам магистратуры / 02	0.0
Республика Хакасия	персонал; Государственные, Муниципальные	Численность работников, выполняющих работы по договорам гражданско-правового характера - всего / 01	190.0
Республика Хакасия	персонал; Государственные, Муниципальные	из них осуществляющие образовательную деятельность  по образовательным программам высшего образования - программам бакалавриата, программам специалитета, программам магистратуры / 02	80.0
Российская Федерация	Всего	Численность работников, выполняющих работы по договорам гражданско-правового характера - всего / 01	101346.0
Российская Федерация	Всего	из них осуществляющие образовательную деятельность  по образовательным программам высшего образования - программам бакалавриата, программам специалитета, программам магистратуры / 02	51326.0
Российская Федерация	Всего; персонал	Численность работников, выполняющих работы по договорам гражданско-правового характера - всего / 01	101346.0
Российская Федерация	Всего; персонал	из них осуществляющие образовательную деятельность  по образовательным программам высшего образования - программам бакалавриата, программам специалитета, программам магистратуры / 02	51326.0
Российская Федерация	Государственные, Муниципальные	Численность работников, выполняющих работы по договорам гражданско-правового характера - всего / 01	93205.0
Российская Федерация	Государственные, Муниципальные	из них осуществляющие образовательную деятельность  по образовательным программам высшего образования - программам бакалавриата, программам специалитета, программам магистратуры / 02	47310.0
Российская Федерация	Частные	Численность работников, выполняющих работы по договорам гражданско-правового характера - всего / 01	8141.0
Российская Федерация	Частные	из них осуществляющие образовательную деятельность  по образовательным программам высшего образования - программам бакалавриата, программам специалитета, программам магистратуры / 02	4016.0
Российская Федерация	персонал; Государственные, Муниципальные	Численность работников, выполняющих работы по договорам гражданско-правового характера - всего / 01	93205.0
Российская Федерация	персонал; Государственные, Муниципальные	из них осуществляющие образовательную деятельность  по образовательным программам высшего образования - программам бакалавриата, программам специалитета, программам магистратуры / 02	47310.0
Российская Федерация	персонал; Частные	Численность работников, выполняющих работы по договорам гражданско-правового характера - всего / 01	8141.0
Российская Федерация	персонал; Частные	из них осуществляющие образовательную деятельность  по образовательным программам высшего образования - программам бакалавриата, программам специалитета, программам магистратуры / 02	4016.0
Ростовская область	персонал; Государственные, Муниципальные	Численность работников, выполняющих работы по договорам гражданско-правового характера - всего / 01	3565.0
Ростовская область	персонал; Государственные, Муниципальные	из них осуществляющие образовательную деятельность  по образовательным программам высшего образования - программам бакалавриата, программам специалитета, программам магистратуры / 02	2407.0
Ростовская область	персонал; Частные	Численность работников, выполняющих работы по договорам гражданско-правового характера - всего / 01	111.0
Ростовская область	персонал; Частные	из них осуществляющие образовательную деятельность  по образовательным программам высшего образования - программам бакалавриата, программам специалитета, программам магистратуры / 02	99.0
Рязанская область	персонал; Государственные, Муниципальные	Численность работников, выполняющих работы по договорам гражданско-правового характера - всего / 01	358.0
Рязанская область	персонал; Государственные, Муниципальные	из них осуществляющие образовательную деятельность  по образовательным программам высшего образования - программам бакалавриата, программам специалитета, программам магистратуры / 02	263.0
Рязанская область	персонал; Частные	Численность работников, выполняющих работы по договорам гражданско-правового характера - всего / 01	46.0
Рязанская область	персонал; Частные	из них осуществляющие образовательную деятельность  по образовательным программам высшего образования - программам бакалавриата, программам специалитета, программам магистратуры / 02	38.0
Самарская область	персонал; Государственные, Муниципальные	Численность работников, выполняющих работы по договорам гражданско-правового характера - всего / 01	2398.0
Самарская область	персонал; Государственные, Муниципальные	из них осуществляющие образовательную деятельность  по образовательным программам высшего образования - программам бакалавриата, программам специалитета, программам магистратуры / 02	1267.0
Самарская область	персонал; Частные	Численность работников, выполняющих работы по договорам гражданско-правового характера - всего / 01	78.0
Самарская область	персонал; Частные	из них осуществляющие образовательную деятельность  по образовательным программам высшего образования - программам бакалавриата, программам специалитета, программам магистратуры / 02	56.0
Саратовская область	персонал; Государственные, Муниципальные	Численность работников, выполняющих работы по договорам гражданско-правового характера - всего / 01	1091.0
Саратовская область	персонал; Государственные, Муниципальные	из них осуществляющие образовательную деятельность  по образовательным программам высшего образования - программам бакалавриата, программам специалитета, программам магистратуры / 02	835.0
Саратовская область	персонал; Частные	Численность работников, выполняющих работы по договорам гражданско-правового характера - всего / 01	4.0
Саратовская область	персонал; Частные	из них осуществляющие образовательную деятельность  по образовательным программам высшего образования - программам бакалавриата, программам специалитета, программам магистратуры / 02	4.0
Сахалинская область	персонал; Государственные, Муниципальные	Численность работников, выполняющих работы по договорам гражданско-правового характера - всего / 01	1036.0
Сахалинская область	персонал; Государственные, Муниципальные	из них осуществляющие образовательную деятельность  по образовательным программам высшего образования - программам бакалавриата, программам специалитета, программам магистратуры / 02	381.0
Свердловская область	персонал; Государственные, Муниципальные	Численность работников, выполняющих работы по договорам гражданско-правового характера - всего / 01	2826.0
Свердловская область	персонал; Государственные, Муниципальные	из них осуществляющие образовательную деятельность  по образовательным программам высшего образования - программам бакалавриата, программам специалитета, программам магистратуры / 02	1252.0
Свердловская область	персонал; Частные	Численность работников, выполняющих работы по договорам гражданско-правового характера - всего / 01	537.0
Свердловская область	персонал; Частные	из них осуществляющие образовательную деятельность  по образовательным программам высшего образования - программам бакалавриата, программам специалитета, программам магистратуры / 02	179.0
Смоленская область	персонал; Государственные, Муниципальные	Численность работников, выполняющих работы по договорам гражданско-правового характера - всего / 01	510.0
Смоленская область	персонал; Государственные, Муниципальные	из них осуществляющие образовательную деятельность  по образовательным программам высшего образования - программам бакалавриата, программам специалитета, программам магистратуры / 02	415.0
Смоленская область	персонал; Частные	Численность работников, выполняющих работы по договорам гражданско-правового характера - всего / 01	26.0
Смоленская область	персонал; Частные	из них осуществляющие образовательную деятельность  по образовательным программам высшего образования - программам бакалавриата, программам специалитета, программам магистратуры / 02	26.0
Ставропольский край	персонал; Государственные, Муниципальные	Численность работников, выполняющих работы по договорам гражданско-правового характера - всего / 01	1848.0
Ставропольский край	персонал; Государственные, Муниципальные	из них осуществляющие образовательную деятельность  по образовательным программам высшего образования - программам бакалавриата, программам специалитета, программам магистратуры / 02	1178.0
Ставропольский край	персонал; Частные	Численность работников, выполняющих работы по договорам гражданско-правового характера - всего / 01	97.0
Ставропольский край	персонал; Частные	из них осуществляющие образовательную деятельность  по образовательным программам высшего образования - программам бакалавриата, программам специалитета, программам магистратуры / 02	96.0
Тамбовская область	персонал; Государственные, Муниципальные	Численность работников, выполняющих работы по договорам гражданско-правового характера - всего / 01	24.0
Тамбовская область	персонал; Государственные, Муниципальные	из них осуществляющие образовательную деятельность  по образовательным программам высшего образования - программам бакалавриата, программам специалитета, программам магистратуры / 02	18.0
Тамбовская область	персонал; Частные	Численность работников, выполняющих работы по договорам гражданско-правового характера - всего / 01	10.0
Тамбовская область	персонал; Частные	из них осуществляющие образовательную деятельность  по образовательным программам высшего образования - программам бакалавриата, программам специалитета, программам магистратуры / 02	10.0
Тверская область	персонал; Государственные, Муниципальные	Численность работников, выполняющих работы по договорам гражданско-правового характера - всего / 01	281.0
Тверская область	персонал; Государственные, Муниципальные	из них осуществляющие образовательную деятельность  по образовательным программам высшего образования - программам бакалавриата, программам специалитета, программам магистратуры / 02	266.0
Тверская область	персонал; Частные	Численность работников, выполняющих работы по договорам гражданско-правового характера - всего / 01	34.0
Тверская область	персонал; Частные	из них осуществляющие образовательную деятельность  по образовательным программам высшего образования - программам бакалавриата, программам специалитета, программам магистратуры / 02	33.0
Томская область	персонал; Государственные, Муниципальные	Численность работников, выполняющих работы по договорам гражданско-правового характера - всего / 01	1982.0
Томская область	персонал; Государственные, Муниципальные	из них осуществляющие образовательную деятельность  по образовательным программам высшего образования - программам бакалавриата, программам специалитета, программам магистратуры / 02	1169.0
Тульская область	персонал; Государственные, Муниципальные	Численность работников, выполняющих работы по договорам гражданско-правового характера - всего / 01	335.0
Тульская область	персонал; Государственные, Муниципальные	из них осуществляющие образовательную деятельность  по образовательным программам высшего образования - программам бакалавриата, программам специалитета, программам магистратуры / 02	290.0
Тульская область	персонал; Частные	Численность работников, выполняющих работы по договорам гражданско-правового характера - всего / 01	56.0
Тульская область	персонал; Частные	из них осуществляющие образовательную деятельность  по образовательным программам высшего образования - программам бакалавриата, программам специалитета, программам магистратуры / 02	49.0
Тюменская область	персонал; Государственные, Муниципальные	Численность работников, выполняющих работы по договорам гражданско-правового характера - всего / 01	126.0
Тюменская область	персонал; Государственные, Муниципальные	из них осуществляющие образовательную деятельность  по образовательным программам высшего образования - программам бакалавриата, программам специалитета, программам магистратуры / 02	65.0
Тюменская область	персонал; Частные	Численность работников, выполняющих работы по договорам гражданско-правового характера - всего / 01	20.0
Тюменская область	персонал; Частные	из них осуществляющие образовательную деятельность  по образовательным программам высшего образования - программам бакалавриата, программам специалитета, программам магистратуры / 02	20.0
Удмуртская Республика	персонал; Государственные, Муниципальные	Численность работников, выполняющих работы по договорам гражданско-правового характера - всего / 01	897.0
Удмуртская Республика	персонал; Государственные, Муниципальные	из них осуществляющие образовательную деятельность  по образовательным программам высшего образования - программам бакалавриата, программам специалитета, программам магистратуры / 02	457.0
Удмуртская Республика	персонал; Частные	Численность работников, выполняющих работы по договорам гражданско-правового характера - всего / 01	10.0
Удмуртская Республика	персонал; Частные	из них осуществляющие образовательную деятельность  по образовательным программам высшего образования - программам бакалавриата, программам специалитета, программам магистратуры / 02	7.0
Ульяновская область	персонал; Государственные, Муниципальные	Численность работников, выполняющих работы по договорам гражданско-правового характера - всего / 01	348.0
Ульяновская область	персонал; Государственные, Муниципальные	из них осуществляющие образовательную деятельность  по образовательным программам высшего образования - программам бакалавриата, программам специалитета, программам магистратуры / 02	218.0
Хабаровский край	персонал; Государственные, Муниципальные	Численность работников, выполняющих работы по договорам гражданско-правового характера - всего / 01	660.0
Хабаровский край	персонал; Государственные, Муниципальные	из них осуществляющие образовательную деятельность  по образовательным программам высшего образования - программам бакалавриата, программам специалитета, программам магистратуры / 02	641.0
Ханты-Мансийский автономный округ	персонал; Государственные, Муниципальные	Численность работников, выполняющих работы по договорам гражданско-правового характера - всего / 01	672.0
Ханты-Мансийский автономный округ	персонал; Государственные, Муниципальные	из них осуществляющие образовательную деятельность  по образовательным программам высшего образования - программам бакалавриата, программам специалитета, программам магистратуры / 02	352.0
Челябинская область	персонал; Государственные, Муниципальные	Численность работников, выполняющих работы по договорам гражданско-правового характера - всего / 01	478.0
Челябинская область	персонал; Государственные, Муниципальные	из них осуществляющие образовательную деятельность  по образовательным программам высшего образования - программам бакалавриата, программам специалитета, программам магистратуры / 02	375.0
Челябинская область	персонал; Частные	Численность работников, выполняющих работы по договорам гражданско-правового характера - всего / 01	78.0
Челябинская область	персонал; Частные	из них осуществляющие образовательную деятельность  по образовательным программам высшего образования - программам бакалавриата, программам специалитета, программам магистратуры / 02	64.0
Чеченская Республика	персонал; Государственные, Муниципальные	Численность работников, выполняющих работы по договорам гражданско-правового характера - всего / 01	315.0
Чеченская Республика	персонал; Государственные, Муниципальные	из них осуществляющие образовательную деятельность  по образовательным программам высшего образования - программам бакалавриата, программам специалитета, программам магистратуры / 02	113.0
Чеченская Республика	персонал; Частные	Численность работников, выполняющих работы по договорам гражданско-правового характера - всего / 01	13.0
Чеченская Республика	персонал; Частные	из них осуществляющие образовательную деятельность  по образовательным программам высшего образования - программам бакалавриата, программам специалитета, программам магистратуры / 02	13.0
Чувашская Республика	персонал; Государственные, Муниципальные	Численность работников, выполняющих работы по договорам гражданско-правового характера - всего / 01	161.0
Чувашская Республика	персонал; Государственные, Муниципальные	из них осуществляющие образовательную деятельность  по образовательным программам высшего образования - программам бакалавриата, программам специалитета, программам магистратуры / 02	131.0
Чувашская Республика	персонал; Частные	Численность работников, выполняющих работы по договорам гражданско-правового характера - всего / 01	14.0
Чувашская Республика	персонал; Частные	из них осуществляющие образовательную деятельность  по образовательным программам высшего образования - программам бакалавриата, программам специалитета, программам магистратуры / 02	14.0
Чукотский автономный округ	персонал; Государственные, Муниципальные	Численность работников, выполняющих работы по договорам гражданско-правового характера - всего / 01	5.0
Чукотский автономный округ	персонал; Государственные, Муниципальные	из них осуществляющие образовательную деятельность  по образовательным программам высшего образования - программам бакалавриата, программам специалитета, программам магистратуры / 02	4.0
Ямало-Ненецкий автономный округ	персонал; Государственные, Муниципальные	Численность работников, выполняющих работы по договорам гражданско-правового характера - всего / 01	0.0
Ямало-Ненецкий автономный округ	персонал; Государственные, Муниципальные	из них осуществляющие образовательную деятельность  по образовательным программам высшего образования - программам бакалавриата, программам специалитета, программам магистратуры / 02	0.0
Ярославская область	персонал; Государственные, Муниципальные	Численность работников, выполняющих работы по договорам гражданско-правового характера - всего / 01	296.0
Ярославская область	персонал; Государственные, Муниципальные	из них осуществляющие образовательную деятельность  по образовательным программам высшего образования - программам бакалавриата, программам специалитета, программам магистратуры / 02	148.0
Ярославская область	персонал; Частные	Численность работников, выполняющих работы по договорам гражданско-правового характера - всего / 01	172.0
Ярославская область	персонал; Частные	из них осуществляющие образовательную деятельность  по образовательным программам высшего образования - программам бакалавриата, программам специалитета, программам магистратуры / 02	97.0
г.Москва	персонал; Государственные, Муниципальные	Численность работников, выполняющих работы по договорам гражданско-правового характера - всего / 01	26125.0
г.Москва	персонал; Государственные, Муниципальные	из них осуществляющие образовательную деятельность  по образовательным программам высшего образования - программам бакалавриата, программам специалитета, программам магистратуры / 02	8738.0
г.Москва	персонал; Частные	Численность работников, выполняющих работы по договорам гражданско-правового характера - всего / 01	4060.0
г.Москва	персонал; Частные	из них осуществляющие образовательную деятельность  по образовательным программам высшего образования - программам бакалавриата, программам специалитета, программам магистратуры / 02	1814.0
г.Санкт-Петербург	персонал; Государственные, Муниципальные	Численность работников, выполняющих работы по договорам гражданско-правового характера - всего / 01	6107.0
г.Санкт-Петербург	персонал; Государственные, Муниципальные	из них осуществляющие образовательную деятельность  по образовательным программам высшего образования - программам бакалавриата, программам специалитета, программам магистратуры / 02	2887.0
г.Санкт-Петербург	персонал; Частные	Численность работников, выполняющих работы по договорам гражданско-правового характера - всего / 01	335.0
г.Санкт-Петербург	персонал; Частные	из них осуществляющие образовательную деятельность  по образовательным программам высшего образования - программам бакалавриата, программам специалитета, программам магистратуры / 02	208.0
г.Севастополь	персонал; Государственные, Муниципальные	Численность работников, выполняющих работы по договорам гражданско-правового характера - всего / 01	266.0
г.Севастополь	персонал; Государственные, Муниципальные	из них осуществляющие образовательную деятельность  по образовательным программам высшего образования - программам бакалавриата, программам специалитета, программам магистратуры / 02	16.0
г.Севастополь	персонал; Частные	Численность работников, выполняющих работы по договорам гражданско-правового характера - всего / 01	11.0
г.Севастополь	персонал; Частные	из них осуществляющие образовательную деятельность  по образовательным программам высшего образования - программам бакалавриата, программам специалитета, программам магистратуры / 02	11.0
