region	tags	indicator	"Дистанционные образовательные технологии > в том числе (из графы 17) 
с применением исключительно дистанционных 
образовательных технологий > 18.0"	"Дистанционные образовательные технологии > численность обучающихся 
(из графы 5) 
по программам 
с применением дистанционных образовательных технологий > 17.0"	"Дистанционные образовательные технологии > число программ (из графы 3), реализуемых 
с применением дистанционных образовательных технологий > 16.0"	Сетевая форма реализации образовательных программ > в том числе (из графы 11) число иностранных организаций > 12.0	Сетевая форма реализации образовательных программ > в том числе (из графы 7) с использова-нием ресурсов иностранных организаций > 8.0	"Сетевая форма реализации образовательных программ > из них число заключенных договоров 
(из графы 9) с использованием ресурсов иностранных организаций > 10.0"	Сетевая форма реализации образовательных программ > общее число заключенных договоров с организациями на реализацию образовательных программ с использованием сетевой формы, единиц > 9.0	Сетевая форма реализации образовательных программ > численность обучающихся (из графы 5) по программам, реализуемым с использованием сетевой формы - всего > 7.0	"Сетевая форма реализации образовательных программ > число организаций, 
с которыми заключены договоры на реализацию образовательных программ с использованием сетевой формы, единиц  > 11.0"	Сетевая форма реализации образовательных программ > число программ (из графы 3), реализуе-мых с использова-нием сетевой формы  > 6.0	Численность обучающихся - всего, человек > 5.0	Число реализуемых образователь-ных программ -всего, единиц > 3.0	"Электронное обучение > в том числе (из графы 14) 
с применением  исключительно электронного обучения > 15.0"	"Электронное обучение > численность обучающихся 
(из графы 5) по программам 
с применением электронного обучения > 14.0"	Электронное обучение > число программ (из графы 3), реализуемых с применением электронного обучения > 13.0	из них прошли профессионально - общественную аккредитацию работодателями и их объединениями > 4.0
Алтайский край	Сведения об организации, реализуемых программах и персонале; Государственные, муниципальные (без учета организаций в ведении ФСИН)	Образовательные программы подготовки квалифицированных рабочих, служащих / 2.0	0	3148	48	0	0	0	7	492	7	11	13358	236	0	2417	29	60
Алтайский край	Сведения об организации, реализуемых программах и персонале; Государственные, муниципальные (без учета организаций в ведении ФСИН)	Образовательные программы подготовки специалистов среднего звена / 1.0	0	17032	201	0	0	0	93	2258	56	68	42170	1168	0	14422	211	84
Алтайский край	Частные; Сведения об организации, реализуемых программах и персонале	Образовательные программы подготовки квалифицированных рабочих, служащих / 2.0	0	0	0	0	0	0	0	0	0	0	7	1	0	0	0	0
Алтайский край	Частные; Сведения об организации, реализуемых программах и персонале	Образовательные программы подготовки специалистов среднего звена / 1.0	19	1874	9	0	0	0	1	7	1	1	3321	23	19	158	3	0
Амурская область	Сведения об организации, реализуемых программах и персонале; Государственные, муниципальные (без учета организаций в ведении ФСИН)	Образовательные программы подготовки квалифицированных рабочих, служащих / 2.0	0	1851	29	0	0	0	1	75	1	1	4059	65	0	1264	18	1
Амурская область	Сведения об организации, реализуемых программах и персонале; Государственные, муниципальные (без учета организаций в ведении ФСИН)	Образовательные программы подготовки специалистов среднего звена / 1.0	0	8781	130	0	0	0	15	2076	13	25	19074	235	0	7879	126	29
Амурская область	Частные; Сведения об организации, реализуемых программах и персонале	Образовательные программы подготовки квалифицированных рабочих, служащих / 2.0	0	0	0	0	0	0	0	0	0	0	25	1	0	0	0	1
Амурская область	Частные; Сведения об организации, реализуемых программах и персонале	Образовательные программы подготовки специалистов среднего звена / 1.0	0	0	0	0	0	0	0	0	0	0	36	2	0	0	0	2
Архангельская область	Сведения об организации, реализуемых программах и персонале; Государственные, муниципальные (без учета организаций в ведении ФСИН)	Образовательные программы подготовки квалифицированных рабочих, служащих / 2.0	0	2579	49	0	0	0	37	1630	37	32	7609	160	0	1510	22	32
Архангельская область	Сведения об организации, реализуемых программах и персонале; Государственные, муниципальные (без учета организаций в ведении ФСИН)	Образовательные программы подготовки специалистов среднего звена / 1.0	0	8272	91	0	0	0	24	975	17	18	18419	271	0	5174	60	61
Архангельская область	Частные; Сведения об организации, реализуемых программах и персонале	Образовательные программы подготовки квалифицированных рабочих, служащих / 2.0	0	0	0	0	0	0	0	0	0	0	0	0	0	0	0	0
Архангельская область	Частные; Сведения об организации, реализуемых программах и персонале	Образовательные программы подготовки специалистов среднего звена / 1.0	0	292	13	0	0	0	1	123	1	4	932	21	0	123	4	0
Астраханская область	Сведения об организации, реализуемых программах и персонале; Государственные, муниципальные (без учета организаций в ведении ФСИН)	Образовательные программы подготовки квалифицированных рабочих, служащих / 2.0	0	961	16	0	0	0	5	321	5	5	3095	63	0	810	12	5
Астраханская область	Сведения об организации, реализуемых программах и персонале; Государственные, муниципальные (без учета организаций в ведении ФСИН)	Образовательные программы подготовки специалистов среднего звена / 1.0	0	8463	71	0	0	0	27	1259	27	16	25173	225	0	7065	64	15
Астраханская область	Частные; Сведения об организации, реализуемых программах и персонале	Образовательные программы подготовки квалифицированных рабочих, служащих / 2.0	0	0	0	0	0	0	0	0	0	0	0	0	0	0	0	0
Астраханская область	Частные; Сведения об организации, реализуемых программах и персонале	Образовательные программы подготовки специалистов среднего звена / 1.0	0	366	2	0	0	0	0	0	0	0	1670	13	0	0	0	0
Белгородская область	Сведения об организации, реализуемых программах и персонале; Государственные, муниципальные (без учета организаций в ведении ФСИН)	Образовательные программы подготовки квалифицированных рабочих, служащих / 2.0	0	1831	41	0	0	0	298	3313	110	84	4436	99	108	1497	34	12
Белгородская область	Сведения об организации, реализуемых программах и персонале; Государственные, муниципальные (без учета организаций в ведении ФСИН)	Образовательные программы подготовки специалистов среднего звена / 1.0	0	19209	202	0	0	0	830	14246	321	222	34660	383	420	13269	132	70
Белгородская область	Частные; Сведения об организации, реализуемых программах и персонале	Образовательные программы подготовки квалифицированных рабочих, служащих / 2.0	0	0	0	0	0	0	0	0	0	0	0	0	0	0	0	0
Белгородская область	Частные; Сведения об организации, реализуемых программах и персонале	Образовательные программы подготовки специалистов среднего звена / 1.0	0	1913	50	0	0	0	46	1913	20	50	2071	54	0	1913	50	0
Брянская область	Сведения об организации, реализуемых программах и персонале; Государственные, муниципальные (без учета организаций в ведении ФСИН)	Образовательные программы подготовки квалифицированных рабочих, служащих / 2.0	0	1625	27	0	0	0	8	271	7	6	4848	86	0	842	18	15
Брянская область	Сведения об организации, реализуемых программах и персонале; Государственные, муниципальные (без учета организаций в ведении ФСИН)	Образовательные программы подготовки специалистов среднего звена / 1.0	11	6573	78	0	0	0	30	1743	23	32	22261	247	0	3014	48	67
Брянская область	Частные; Сведения об организации, реализуемых программах и персонале	Образовательные программы подготовки квалифицированных рабочих, служащих / 2.0	0	0	0	0	0	0	0	0	0	0	22	3	0	0	0	0
Брянская область	Частные; Сведения об организации, реализуемых программах и персонале	Образовательные программы подготовки специалистов среднего звена / 1.0	0	0	0	0	0	0	0	0	0	0	1028	12	0	699	7	0
Владимирская область	Сведения об организации, реализуемых программах и персонале; Государственные, муниципальные (без учета организаций в ведении ФСИН)	Образовательные программы подготовки квалифицированных рабочих, служащих / 2.0	0	6324	123	0	0	0	45	1632	45	29	6850	123	0	6850	123	19
Владимирская область	Сведения об организации, реализуемых программах и персонале; Государственные, муниципальные (без учета организаций в ведении ФСИН)	Образовательные программы подготовки специалистов среднего звена / 1.0	652	19581	215	0	0	0	43	2174	43	31	24486	260	0	23596	238	43
Владимирская область	Частные; Сведения об организации, реализуемых программах и персонале	Образовательные программы подготовки квалифицированных рабочих, служащих / 2.0	0	0	0	0	0	0	0	0	0	0	0	0	0	0	0	0
Владимирская область	Частные; Сведения об организации, реализуемых программах и персонале	Образовательные программы подготовки специалистов среднего звена / 1.0	0	1181	14	0	0	0	3	191	3	5	1786	23	0	1348	16	7
Волгоградская область	Сведения об организации, реализуемых программах и персонале; Государственные, муниципальные (без учета организаций в ведении ФСИН)	Образовательные программы подготовки квалифицированных рабочих, служащих / 2.0	0	2550	66	0	0	0	109	2556	96	66	7474	203	0	2774	71	25
Волгоградская область	Сведения об организации, реализуемых программах и персонале; Государственные, муниципальные (без учета организаций в ведении ФСИН)	Образовательные программы подготовки специалистов среднего звена / 1.0	0	30884	409	0	0	0	196	10173	178	162	51986	1114	0	22238	267	25
Волгоградская область	Частные; Сведения об организации, реализуемых программах и персонале	Образовательные программы подготовки квалифицированных рабочих, служащих / 2.0	0	0	0	0	0	0	0	0	0	0	47	1	0	0	0	1
Волгоградская область	Частные; Сведения об организации, реализуемых программах и персонале	Образовательные программы подготовки специалистов среднего звена / 1.0	0	1212	21	0	0	0	2	101	2	2	5519	69	0	299	23	24
Вологодская область	Сведения об организации, реализуемых программах и персонале; Государственные, муниципальные (без учета организаций в ведении ФСИН)	Образовательные программы подготовки квалифицированных рабочих, служащих / 2.0	0	1987	33	0	0	0	54	2416	36	39	6089	97	0	1524	27	6
Вологодская область	Сведения об организации, реализуемых программах и персонале; Государственные, муниципальные (без учета организаций в ведении ФСИН)	Образовательные программы подготовки специалистов среднего звена / 1.0	104	9394	124	0	0	0	66	6893	57	83	25826	319	0	4791	53	17
Вологодская область	Частные; Сведения об организации, реализуемых программах и персонале	Образовательные программы подготовки квалифицированных рабочих, служащих / 2.0	0	0	0	0	0	0	0	0	0	0	0	0	0	0	0	0
Вологодская область	Частные; Сведения об организации, реализуемых программах и персонале	Образовательные программы подготовки специалистов среднего звена / 1.0	0	0	0	0	0	0	0	0	0	0	1224	22	0	756	10	12
Воронежская область	Сведения об организации, реализуемых программах и персонале; Государственные, муниципальные (без учета организаций в ведении ФСИН)	Образовательные программы подготовки квалифицированных рабочих, служащих / 2.0	0	2450	62	1	168	1	131	2224	127	60	7079	144	0	1753	50	15
Воронежская область	Сведения об организации, реализуемых программах и персонале; Государственные, муниципальные (без учета организаций в ведении ФСИН)	Образовательные программы подготовки специалистов среднего звена / 1.0	0	11094	143	2	294	2	238	6894	235	104	41432	446	0	7480	99	69
Воронежская область	Частные; Сведения об организации, реализуемых программах и персонале	Образовательные программы подготовки квалифицированных рабочих, служащих / 2.0	0	0	0	0	0	0	0	0	0	0	36	2	0	0	0	0
Воронежская область	Частные; Сведения об организации, реализуемых программах и персонале	Образовательные программы подготовки специалистов среднего звена / 1.0	0	647	6	0	0	0	0	0	0	0	6395	53	0	0	0	3
Еврейская автономная область	Сведения об организации, реализуемых программах и персонале; Государственные, муниципальные (без учета организаций в ведении ФСИН)	Образовательные программы подготовки квалифицированных рабочих, служащих / 2.0	0	0	0	0	0	0	1	20	1	1	962	22	0	0	0	0
Еврейская автономная область	Сведения об организации, реализуемых программах и персонале; Государственные, муниципальные (без учета организаций в ведении ФСИН)	Образовательные программы подготовки специалистов среднего звена / 1.0	0	369	2	0	0	0	6	126	6	2	2066	35	0	1434	17	0
Забайкальский край	Сведения об организации, реализуемых программах и персонале; Государственные, муниципальные (без учета организаций в ведении ФСИН)	Образовательные программы подготовки квалифицированных рабочих, служащих / 2.0	25	1628	23	0	0	0	4	169	4	2	6506	89	0	1395	19	16
Забайкальский край	Сведения об организации, реализуемых программах и персонале; Государственные, муниципальные (без учета организаций в ведении ФСИН)	Образовательные программы подготовки специалистов среднего звена / 1.0	154	7733	67	0	0	0	58	1875	26	20	23139	195	1661	8012	59	44
Забайкальский край	Частные; Сведения об организации, реализуемых программах и персонале	Образовательные программы подготовки квалифицированных рабочих, служащих / 2.0	0	0	0	0	0	0	0	0	0	0	0	0	0	0	0	0
Забайкальский край	Частные; Сведения об организации, реализуемых программах и персонале	Образовательные программы подготовки специалистов среднего звена / 1.0	0	837	13	0	0	0	1	139	1	2	1212	17	0	0	0	2
Ивановская область	Сведения об организации, реализуемых программах и персонале; Государственные, муниципальные (без учета организаций в ведении ФСИН)	Образовательные программы подготовки квалифицированных рабочих, служащих / 2.0	0	992	23	0	0	0	5	284	7	8	4692	104	0	518	17	8
Ивановская область	Сведения об организации, реализуемых программах и персонале; Государственные, муниципальные (без учета организаций в ведении ФСИН)	Образовательные программы подготовки специалистов среднего звена / 1.0	0	4022	65	0	0	0	11	358	11	9	15491	242	0	3774	76	23
Ивановская область	Частные; Сведения об организации, реализуемых программах и персонале	Образовательные программы подготовки квалифицированных рабочих, служащих / 2.0	0	0	0	0	0	0	0	0	0	0	0	0	0	0	0	0
Ивановская область	Частные; Сведения об организации, реализуемых программах и персонале	Образовательные программы подготовки специалистов среднего звена / 1.0	0	2010	19	0	0	0	5	946	5	8	3072	25	0	859	7	5
Иркутская область	Сведения об организации, реализуемых программах и персонале; Государственные, муниципальные (без учета организаций в ведении ФСИН)	Образовательные программы подготовки квалифицированных рабочих, служащих / 2.0	0	3130	56	0	0	0	25	856	17	24	12911	213	0	2406	36	26
Иркутская область	Сведения об организации, реализуемых программах и персонале; Государственные, муниципальные (без учета организаций в ведении ФСИН)	Образовательные программы подготовки специалистов среднего звена / 1.0	0	13776	128	0	0	0	97	3205	81	44	52844	486	0	15309	136	99
Иркутская область	Частные; Сведения об организации, реализуемых программах и персонале	Образовательные программы подготовки квалифицированных рабочих, служащих / 2.0	0	0	0	0	0	0	0	0	0	0	0	0	0	0	0	0
Иркутская область	Частные; Сведения об организации, реализуемых программах и персонале	Образовательные программы подготовки специалистов среднего звена / 1.0	11	648	5	0	0	0	4	193	4	8	4341	42	0	637	4	4
Кабардино-Балкарская Республика	Сведения об организации, реализуемых программах и персонале; Государственные, муниципальные (без учета организаций в ведении ФСИН)	Образовательные программы подготовки квалифицированных рабочих, служащих / 2.0	0	614	7	0	0	0	1	58	1	1	3173	56	0	3	3	7
Кабардино-Балкарская Республика	Сведения об организации, реализуемых программах и персонале; Государственные, муниципальные (без учета организаций в ведении ФСИН)	Образовательные программы подготовки специалистов среднего звена / 1.0	0	6617	57	0	0	0	1	33	1	2	12652	121	0	5879	56	12
Кабардино-Балкарская Республика	Частные; Сведения об организации, реализуемых программах и персонале	Образовательные программы подготовки квалифицированных рабочих, служащих / 2.0	0	0	0	0	0	0	0	0	0	0	0	0	0	0	0	0
Кабардино-Балкарская Республика	Частные; Сведения об организации, реализуемых программах и персонале	Образовательные программы подготовки специалистов среднего звена / 1.0	0	2554	10	0	0	0	0	0	0	0	2724	16	0	2554	10	0
Калининградская область	Сведения об организации, реализуемых программах и персонале; Государственные, муниципальные (без учета организаций в ведении ФСИН)	Образовательные программы подготовки квалифицированных рабочих, служащих / 2.0	0	1700	25	0	0	0	12	408	11	9	2863	49	0	171	2	3
Калининградская область	Сведения об организации, реализуемых программах и персонале; Государственные, муниципальные (без учета организаций в ведении ФСИН)	Образовательные программы подготовки специалистов среднего звена / 1.0	0	10058	121	0	0	0	30	3166	34	32	18974	221	0	3718	51	25
Калининградская область	Частные; Сведения об организации, реализуемых программах и персонале	Образовательные программы подготовки квалифицированных рабочих, служащих / 2.0	0	0	0	0	0	0	0	0	0	0	0	0	0	0	0	0
Калининградская область	Частные; Сведения об организации, реализуемых программах и персонале	Образовательные программы подготовки специалистов среднего звена / 1.0	0	2213	32	0	0	0	1	509	1	4	4687	64	0	2292	27	6
Калужская область	Сведения об организации, реализуемых программах и персонале; Государственные, муниципальные (без учета организаций в ведении ФСИН)	Образовательные программы подготовки квалифицированных рабочих, служащих / 2.0	0	0	0	0	0	0	62	1298	62	32	2403	53	0	250	5	16
Калужская область	Сведения об организации, реализуемых программах и персонале; Государственные, муниципальные (без учета организаций в ведении ФСИН)	Образовательные программы подготовки специалистов среднего звена / 1.0	0	3216	43	0	0	0	304	3978	302	74	17699	204	0	3160	42	45
Калужская область	Частные; Сведения об организации, реализуемых программах и персонале	Образовательные программы подготовки квалифицированных рабочих, служащих / 2.0	0	0	0	0	0	0	0	0	0	0	81	2	0	0	0	0
Калужская область	Частные; Сведения об организации, реализуемых программах и персонале	Образовательные программы подготовки специалистов среднего звена / 1.0	0	520	11	0	0	0	3	144	1	3	2630	45	0	0	0	6
Камчатский край	Сведения об организации, реализуемых программах и персонале; Государственные, муниципальные (без учета организаций в ведении ФСИН)	Образовательные программы подготовки квалифицированных рабочих, служащих / 2.0	0	661	11	0	0	0	21	355	21	7	1445	42	0	661	11	8
Камчатский край	Сведения об организации, реализуемых программах и персонале; Государственные, муниципальные (без учета организаций в ведении ФСИН)	Образовательные программы подготовки специалистов среднего звена / 1.0	0	1085	15	0	0	0	22	419	22	8	5024	77	0	1085	15	14
Камчатский край	Частные; Сведения об организации, реализуемых программах и персонале	Образовательные программы подготовки квалифицированных рабочих, служащих / 2.0	0	15	1	0	0	0	1	15	1	1	15	1	0	15	1	0
Камчатский край	Частные; Сведения об организации, реализуемых программах и персонале	Образовательные программы подготовки специалистов среднего звена / 1.0	0	949	17	2	75	2	17	736	17	17	957	17	0	949	17	4
Карачаево-Черкесская Республика	Сведения об организации, реализуемых программах и персонале; Государственные, муниципальные (без учета организаций в ведении ФСИН)	Образовательные программы подготовки квалифицированных рабочих, служащих / 2.0	0	206	6	0	0	0	2	284	3	3	1136	23	0	235	7	16
Карачаево-Черкесская Республика	Сведения об организации, реализуемых программах и персонале; Государственные, муниципальные (без учета организаций в ведении ФСИН)	Образовательные программы подготовки специалистов среднего звена / 1.0	0	842	16	0	0	0	6	360	6	3	7427	89	0	430	8	42
Карачаево-Черкесская Республика	Частные; Сведения об организации, реализуемых программах и персонале	Образовательные программы подготовки квалифицированных рабочих, служащих / 2.0	0	0	0	0	0	0	0	0	0	0	0	0	0	0	0	0
Карачаево-Черкесская Республика	Частные; Сведения об организации, реализуемых программах и персонале	Образовательные программы подготовки специалистов среднего звена / 1.0	0	0	0	0	0	0	0	0	0	0	2623	31	0	0	0	0
Кемеровская область	Сведения об организации, реализуемых программах и персонале; Государственные, муниципальные (без учета организаций в ведении ФСИН)	Образовательные программы подготовки квалифицированных рабочих, служащих / 2.0	0	8068	126	0	0	0	134	4339	122	74	9807	158	0	7261	117	23
Кемеровская область	Сведения об организации, реализуемых программах и персонале; Государственные, муниципальные (без учета организаций в ведении ФСИН)	Образовательные программы подготовки специалистов среднего звена / 1.0	18	55893	614	0	0	0	259	20505	229	227	65929	738	15	50082	569	94
Кемеровская область	Частные; Сведения об организации, реализуемых программах и персонале	Образовательные программы подготовки квалифицированных рабочих, служащих / 2.0	0	0	0	0	0	0	0	0	0	0	0	0	0	0	0	0
Кемеровская область	Частные; Сведения об организации, реализуемых программах и персонале	Образовательные программы подготовки специалистов среднего звена / 1.0	0	0	0	0	0	0	0	0	0	0	2667	18	0	985	8	13
Кировская область	Сведения об организации, реализуемых программах и персонале; Государственные, муниципальные (без учета организаций в ведении ФСИН)	Образовательные программы подготовки квалифицированных рабочих, служащих / 2.0	0	724	21	0	0	0	28	1146	18	24	4552	110	0	1508	27	31
Кировская область	Сведения об организации, реализуемых программах и персонале; Государственные, муниципальные (без учета организаций в ведении ФСИН)	Образовательные программы подготовки специалистов среднего звена / 1.0	420	6702	98	0	0	0	65	4370	52	58	22183	320	125	5651	73	107
Кировская область	Частные; Сведения об организации, реализуемых программах и персонале	Образовательные программы подготовки квалифицированных рабочих, служащих / 2.0	0	0	0	0	0	0	0	0	0	0	0	0	0	0	0	0
Кировская область	Частные; Сведения об организации, реализуемых программах и персонале	Образовательные программы подготовки специалистов среднего звена / 1.0	2	1284	6	0	0	0	37	4554	30	42	5936	65	0	36	3	28
Костромская область	Сведения об организации, реализуемых программах и персонале; Государственные, муниципальные (без учета организаций в ведении ФСИН)	Образовательные программы подготовки квалифицированных рабочих, служащих / 2.0	0	438	6	0	0	0	7	306	7	7	3146	63	0	581	8	2
Костромская область	Сведения об организации, реализуемых программах и персонале; Государственные, муниципальные (без учета организаций в ведении ФСИН)	Образовательные программы подготовки специалистов среднего звена / 1.0	0	3168	36	0	0	0	11	749	11	11	12414	152	0	3288	36	12
Костромская область	Частные; Сведения об организации, реализуемых программах и персонале	Образовательные программы подготовки квалифицированных рабочих, служащих / 2.0	0	0	0	0	0	0	0	0	0	0	0	0	0	0	0	0
Костромская область	Частные; Сведения об организации, реализуемых программах и персонале	Образовательные программы подготовки специалистов среднего звена / 1.0	0	0	0	0	0	0	1	23	1	1	539	9	0	0	0	5
Краснодарский край	Сведения об организации, реализуемых программах и персонале; Государственные, муниципальные (без учета организаций в ведении ФСИН)	Образовательные программы подготовки квалифицированных рабочих, служащих / 2.0	0	2541	39	0	0	0	26	747	26	9	23446	332	0	4942	70	37
Краснодарский край	Сведения об организации, реализуемых программах и персонале; Государственные, муниципальные (без учета организаций в ведении ФСИН)	Образовательные программы подготовки специалистов среднего звена / 1.0	0	8435	111	0	0	0	60	2662	60	37	94174	870	0	17833	206	84
Краснодарский край	Частные; Сведения об организации, реализуемых программах и персонале	Образовательные программы подготовки квалифицированных рабочих, служащих / 2.0	0	0	0	0	0	0	0	0	0	0	614	6	0	0	0	0
Краснодарский край	Частные; Сведения об организации, реализуемых программах и персонале	Образовательные программы подготовки специалистов среднего звена / 1.0	0	2231	47	0	0	0	2	654	3	24	36212	336	0	3353	38	58
Красноярский край	Сведения об организации, реализуемых программах и персонале; Государственные, муниципальные (без учета организаций в ведении ФСИН)	Образовательные программы подготовки квалифицированных рабочих, служащих / 2.0	0	8077	141	0	0	0	29	715	23	22	14513	267	0	6854	116	35
Красноярский край	Сведения об организации, реализуемых программах и персонале; Государственные, муниципальные (без учета организаций в ведении ФСИН)	Образовательные программы подготовки специалистов среднего звена / 1.0	0	19898	368	0	0	0	135	3472	49	51	56043	674	0	22045	339	81
Красноярский край	Частные; Сведения об организации, реализуемых программах и персонале	Образовательные программы подготовки квалифицированных рабочих, служащих / 2.0	0	0	0	0	0	0	0	0	0	0	0	0	0	0	0	0
Красноярский край	Частные; Сведения об организации, реализуемых программах и персонале	Образовательные программы подготовки специалистов среднего звена / 1.0	0	282	1	0	0	0	0	0	0	0	3925	30	0	332	6	2
Курганская область	Сведения об организации, реализуемых программах и персонале; Государственные, муниципальные (без учета организаций в ведении ФСИН)	Образовательные программы подготовки квалифицированных рабочих, служащих / 2.0	0	2828	65	0	0	0	35	1208	33	27	4323	114	0	1893	44	17
Курганская область	Сведения об организации, реализуемых программах и персонале; Государственные, муниципальные (без учета организаций в ведении ФСИН)	Образовательные программы подготовки специалистов среднего звена / 1.0	0	9721	116	0	0	0	87	3165	87	42	16765	200	0	8439	87	67
Курганская область	Частные; Сведения об организации, реализуемых программах и персонале	Образовательные программы подготовки квалифицированных рабочих, служащих / 2.0	0	0	0	0	0	0	0	0	0	0	0	0	0	0	0	0
Курганская область	Частные; Сведения об организации, реализуемых программах и персонале	Образовательные программы подготовки специалистов среднего звена / 1.0	0	0	0	0	0	0	0	0	0	0	115	1	0	0	0	0
Курская область	Сведения об организации, реализуемых программах и персонале; Государственные, муниципальные (без учета организаций в ведении ФСИН)	Образовательные программы подготовки квалифицированных рабочих, служащих / 2.0	0	988	32	0	0	0	16	253	18	12	4742	118	0	1015	24	6
Курская область	Сведения об организации, реализуемых программах и персонале; Государственные, муниципальные (без учета организаций в ведении ФСИН)	Образовательные программы подготовки специалистов среднего звена / 1.0	409	9959	123	0	0	0	44	2276	42	26	22970	275	0	8102	77	48
Курская область	Частные; Сведения об организации, реализуемых программах и персонале	Образовательные программы подготовки квалифицированных рабочих, служащих / 2.0	0	0	0	0	0	0	0	0	0	0	0	0	0	0	0	0
Курская область	Частные; Сведения об организации, реализуемых программах и персонале	Образовательные программы подготовки специалистов среднего звена / 1.0	0	650	17	0	0	0	6	293	6	17	1432	25	0	650	17	0
Ленинградская область	Сведения об организации, реализуемых программах и персонале; Государственные, муниципальные (без учета организаций в ведении ФСИН)	Образовательные программы подготовки квалифицированных рабочих, служащих / 2.0	0	1748	40	0	0	0	92	1233	92	34	4907	110	0	2272	52	5
Ленинградская область	Сведения об организации, реализуемых программах и персонале; Государственные, муниципальные (без учета организаций в ведении ФСИН)	Образовательные программы подготовки специалистов среднего звена / 1.0	0	4882	98	0	0	0	131	2519	130	43	17424	230	0	7262	107	19
Ленинградская область	Частные; Сведения об организации, реализуемых программах и персонале	Образовательные программы подготовки квалифицированных рабочих, служащих / 2.0	0	0	0	0	0	0	0	0	0	0	0	0	0	0	0	0
Ленинградская область	Частные; Сведения об организации, реализуемых программах и персонале	Образовательные программы подготовки специалистов среднего звена / 1.0	0	0	0	0	0	0	0	0	0	0	279	4	0	0	0	4
Липецкая область	Сведения об организации, реализуемых программах и персонале; Государственные, муниципальные (без учета организаций в ведении ФСИН)	Образовательные программы подготовки квалифицированных рабочих, служащих / 2.0	0	693	6	0	0	0	2	314	2	3	5321	76	0	0	0	4
Липецкая область	Сведения об организации, реализуемых программах и персонале; Государственные, муниципальные (без учета организаций в ведении ФСИН)	Образовательные программы подготовки специалистов среднего звена / 1.0	0	3292	38	0	0	0	75	720	69	9	21620	236	0	4087	38	33
Липецкая область	Частные; Сведения об организации, реализуемых программах и персонале	Образовательные программы подготовки квалифицированных рабочих, служащих / 2.0	0	0	0	0	0	0	0	0	0	0	0	0	0	0	0	0
Липецкая область	Частные; Сведения об организации, реализуемых программах и персонале	Образовательные программы подготовки специалистов среднего звена / 1.0	0	749	8	0	0	0	8	688	8	7	956	17	0	730	7	0
Магаданская область	Сведения об организации, реализуемых программах и персонале; Государственные, муниципальные (без учета организаций в ведении ФСИН)	Образовательные программы подготовки квалифицированных рабочих, служащих / 2.0	0	339	8	0	0	0	5	281	5	6	913	18	0	476	13	4
Магаданская область	Сведения об организации, реализуемых программах и персонале; Государственные, муниципальные (без учета организаций в ведении ФСИН)	Образовательные программы подготовки специалистов среднего звена / 1.0	0	1062	22	0	0	0	8	348	8	8	3072	50	0	690	20	4
Московская область	Сведения об организации, реализуемых программах и персонале; Государственные, муниципальные (без учета организаций в ведении ФСИН)	Образовательные программы подготовки квалифицированных рабочих, служащих / 2.0	0	10825	196	0	0	0	197	4936	141	99	18584	340	0	14831	277	93
Московская область	Сведения об организации, реализуемых программах и персонале; Государственные, муниципальные (без учета организаций в ведении ФСИН)	Образовательные программы подготовки специалистов среднего звена / 1.0	0	45702	529	0	0	0	463	20148	308	303	93402	1037	0	60525	716	213
Московская область	Частные; Сведения об организации, реализуемых программах и персонале	Образовательные программы подготовки квалифицированных рабочих, служащих / 2.0	21	248	4	0	0	0	1	21	1	1	511	8	0	0	0	0
Московская область	Частные; Сведения об организации, реализуемых программах и персонале	Образовательные программы подготовки специалистов среднего звена / 1.0	4	5661	67	0	0	0	27	1129	25	17	16602	224	0	4420	41	8
Мурманская область	Сведения об организации, реализуемых программах и персонале; Государственные, муниципальные (без учета организаций в ведении ФСИН)	Образовательные программы подготовки квалифицированных рабочих, служащих / 2.0	0	1025	21	0	0	0	15	460	15	11	2837	72	0	1056	22	10
Мурманская область	Сведения об организации, реализуемых программах и персонале; Государственные, муниципальные (без учета организаций в ведении ФСИН)	Образовательные программы подготовки специалистов среднего звена / 1.0	0	5969	56	0	0	0	111	2005	111	17	14498	193	0	4433	42	36
Мурманская область	Частные; Сведения об организации, реализуемых программах и персонале	Образовательные программы подготовки квалифицированных рабочих, служащих / 2.0	0	0	0	0	0	0	0	0	0	0	0	0	0	0	0	0
Мурманская область	Частные; Сведения об организации, реализуемых программах и персонале	Образовательные программы подготовки специалистов среднего звена / 1.0	0	0	0	0	0	0	0	0	0	0	993	16	0	146	5	0
Ненецкий автономный округ	Сведения об организации, реализуемых программах и персонале; Государственные, муниципальные (без учета организаций в ведении ФСИН)	Образовательные программы подготовки квалифицированных рабочих, служащих / 2.0	0	29	1	0	0	0	1	24	1	1	233	7	0	29	1	0
Ненецкий автономный округ	Сведения об организации, реализуемых программах и персонале; Государственные, муниципальные (без учета организаций в ведении ФСИН)	Образовательные программы подготовки специалистов среднего звена / 1.0	0	334	10	0	0	0	8	115	8	4	836	21	0	334	10	0
Нижегородская область	Сведения об организации, реализуемых программах и персонале; Государственные, муниципальные (без учета организаций в ведении ФСИН)	Образовательные программы подготовки квалифицированных рабочих, служащих / 2.0	758	8949	199	0	0	0	34	862	33	28	11273	268	615	6002	129	11
Нижегородская область	Сведения об организации, реализуемых программах и персонале; Государственные, муниципальные (без учета организаций в ведении ФСИН)	Образовательные программы подготовки специалистов среднего звена / 1.0	712	34288	507	0	0	0	251	2607	245	62	60277	778	336	22569	294	34
Нижегородская область	Частные; Сведения об организации, реализуемых программах и персонале	Образовательные программы подготовки квалифицированных рабочих, служащих / 2.0	0	0	0	0	0	0	0	0	0	0	0	0	0	0	0	0
Нижегородская область	Частные; Сведения об организации, реализуемых программах и персонале	Образовательные программы подготовки специалистов среднего звена / 1.0	0	4326	15	0	0	0	0	0	0	0	6544	36	0	4206	13	0
Новгородская область	Сведения об организации, реализуемых программах и персонале; Государственные, муниципальные (без учета организаций в ведении ФСИН)	Образовательные программы подготовки квалифицированных рабочих, служащих / 2.0	1	2594	62	0	90	0	72	1745	54	39	3172	75	0	2064	47	9
Новгородская область	Сведения об организации, реализуемых программах и персонале; Государственные, муниципальные (без учета организаций в ведении ФСИН)	Образовательные программы подготовки специалистов среднего звена / 1.0	7	11798	198	0	0	0	184	6708	145	119	12567	207	4	7306	120	35
Новгородская область	Частные; Сведения об организации, реализуемых программах и персонале	Образовательные программы подготовки квалифицированных рабочих, служащих / 2.0	0	0	0	0	0	0	0	0	0	0	0	0	0	0	0	0
Новгородская область	Частные; Сведения об организации, реализуемых программах и персонале	Образовательные программы подготовки специалистов среднего звена / 1.0	0	0	0	0	0	0	0	0	0	0	117	1	0	0	0	0
Новосибирская область	Сведения об организации, реализуемых программах и персонале; Государственные, муниципальные (без учета организаций в ведении ФСИН)	Образовательные программы подготовки квалифицированных рабочих, служащих / 2.0	1	4948	78	0	0	0	43	885	43	9	9962	156	311	4159	60	33
Новосибирская область	Сведения об организации, реализуемых программах и персонале; Государственные, муниципальные (без учета организаций в ведении ФСИН)	Образовательные программы подготовки специалистов среднего звена / 1.0	44	22624	210	0	0	0	22	947	20	10	53605	441	561	20046	193	63
Новосибирская область	Частные; Сведения об организации, реализуемых программах и персонале	Образовательные программы подготовки квалифицированных рабочих, служащих / 2.0	0	0	0	0	0	0	0	0	0	0	0	0	0	0	0	0
Новосибирская область	Частные; Сведения об организации, реализуемых программах и персонале	Образовательные программы подготовки специалистов среднего звена / 1.0	175	6176	51	0	0	0	1	58	1	1	9920	64	175	175	7	7
Омская область	Сведения об организации, реализуемых программах и персонале; Государственные, муниципальные (без учета организаций в ведении ФСИН)	Образовательные программы подготовки квалифицированных рабочих, служащих / 2.0	0	3775	68	0	0	0	32	1250	30	23	9748	184	0	8169	153	11
Омская область	Сведения об организации, реализуемых программах и персонале; Государственные, муниципальные (без учета организаций в ведении ФСИН)	Образовательные программы подготовки специалистов среднего звена / 1.0	0	19483	224	0	0	0	73	5200	77	60	41789	469	0	26705	318	15
Омская область	Частные; Сведения об организации, реализуемых программах и персонале	Образовательные программы подготовки квалифицированных рабочих, служащих / 2.0	0	19	2	0	0	0	1	19	1	2	28	3	0	19	2	0
Омская область	Частные; Сведения об организации, реализуемых программах и персонале	Образовательные программы подготовки специалистов среднего звена / 1.0	241	3618	58	0	0	0	1	41	1	3	7707	91	241	1895	46	0
Оренбургская область	Сведения об организации, реализуемых программах и персонале; Государственные, муниципальные (без учета организаций в ведении ФСИН)	Образовательные программы подготовки квалифицированных рабочих, служащих / 2.0	0	3499	49	0	0	0	105	3021	100	73	6825	124	0	2478	29	34
Оренбургская область	Сведения об организации, реализуемых программах и персонале; Государственные, муниципальные (без учета организаций в ведении ФСИН)	Образовательные программы подготовки специалистов среднего звена / 1.0	4	21098	253	4	250	4	328	13990	295	237	46848	513	0	17937	188	87
Оренбургская область	Частные; Сведения об организации, реализуемых программах и персонале	Образовательные программы подготовки квалифицированных рабочих, служащих / 2.0	0	0	0	0	0	0	0	0	0	0	0	0	0	0	0	0
Оренбургская область	Частные; Сведения об организации, реализуемых программах и персонале	Образовательные программы подготовки специалистов среднего звена / 1.0	0	426	1	0	0	0	1	515	1	5	1555	20	0	515	5	0
Орловская область	Сведения об организации, реализуемых программах и персонале; Государственные, муниципальные (без учета организаций в ведении ФСИН)	Образовательные программы подготовки квалифицированных рабочих, служащих / 2.0	0	558	8	0	0	0	44	408	21	9	2505	52	0	0	0	0
Орловская область	Сведения об организации, реализуемых программах и персонале; Государственные, муниципальные (без учета организаций в ведении ФСИН)	Образовательные программы подготовки специалистов среднего звена / 1.0	0	2863	34	0	0	0	30	783	20	16	14613	193	0	1963	32	12
Орловская область	Частные; Сведения об организации, реализуемых программах и персонале	Образовательные программы подготовки квалифицированных рабочих, служащих / 2.0	0	0	0	0	0	0	0	0	0	0	0	0	0	0	0	0
Орловская область	Частные; Сведения об организации, реализуемых программах и персонале	Образовательные программы подготовки специалистов среднего звена / 1.0	0	0	0	0	0	0	0	0	0	0	82	2	0	0	0	0
Пензенская область	Сведения об организации, реализуемых программах и персонале; Государственные, муниципальные (без учета организаций в ведении ФСИН)	Образовательные программы подготовки квалифицированных рабочих, служащих / 2.0	0	110	1	0	0	0	13	355	13	10	5575	75	0	155	4	8
Пензенская область	Сведения об организации, реализуемых программах и персонале; Государственные, муниципальные (без учета организаций в ведении ФСИН)	Образовательные программы подготовки специалистов среднего звена / 1.0	0	2961	34	4	40	3	32	929	32	17	25124	273	0	2936	33	31
Пензенская область	Частные; Сведения об организации, реализуемых программах и персонале	Образовательные программы подготовки квалифицированных рабочих, служащих / 2.0	0	0	0	0	0	0	0	0	0	0	0	0	0	0	0	0
Пензенская область	Частные; Сведения об организации, реализуемых программах и персонале	Образовательные программы подготовки специалистов среднего звена / 1.0	0	630	4	0	0	0	0	0	0	0	1169	7	0	1169	7	3
Пермский край	Сведения об организации, реализуемых программах и персонале; Государственные, муниципальные (без учета организаций в ведении ФСИН)	Образовательные программы подготовки квалифицированных рабочих, служащих / 2.0	6	7447	146	0	0	0	13	1710	30	40	13222	260	0	5404	118	26
Пермский край	Сведения об организации, реализуемых программах и персонале; Государственные, муниципальные (без учета организаций в ведении ФСИН)	Образовательные программы подготовки специалистов среднего звена / 1.0	3	26495	415	0	0	0	24	4458	42	125	58311	776	0	28175	404	105
Пермский край	Частные; Сведения об организации, реализуемых программах и персонале	Образовательные программы подготовки квалифицированных рабочих, служащих / 2.0	35	35	2	0	0	0	0	0	0	0	156	4	35	35	2	0
Пермский край	Частные; Сведения об организации, реализуемых программах и персонале	Образовательные программы подготовки специалистов среднего звена / 1.0	18942	22364	33	0	0	0	57	521	23	25	24646	103	5403	8825	26	10
Приморский край	Сведения об организации, реализуемых программах и персонале; Государственные, муниципальные (без учета организаций в ведении ФСИН)	Образовательные программы подготовки квалифицированных рабочих, служащих / 2.0	0	3542	69	0	0	0	491	1952	132	34	7043	124	0	1909	40	5
Приморский край	Сведения об организации, реализуемых программах и персонале; Государственные, муниципальные (без учета организаций в ведении ФСИН)	Образовательные программы подготовки специалистов среднего звена / 1.0	56	12596	207	0	0	0	229	2011	170	53	40630	589	56	7461	138	21
Приморский край	Частные; Сведения об организации, реализуемых программах и персонале	Образовательные программы подготовки квалифицированных рабочих, служащих / 2.0	0	0	0	0	0	0	0	0	0	0	0	0	0	0	0	0
Приморский край	Частные; Сведения об организации, реализуемых программах и персонале	Образовательные программы подготовки специалистов среднего звена / 1.0	12	45	5	0	0	0	0	0	0	0	2178	50	12	23	3	2
Псковская область	Сведения об организации, реализуемых программах и персонале; Государственные, муниципальные (без учета организаций в ведении ФСИН)	Образовательные программы подготовки квалифицированных рабочих, служащих / 2.0	0	800	13	0	0	0	0	0	0	0	2464	43	0	629	9	4
Псковская область	Сведения об организации, реализуемых программах и персонале; Государственные, муниципальные (без учета организаций в ведении ФСИН)	Образовательные программы подготовки специалистов среднего звена / 1.0	0	6104	105	0	0	0	10	385	8	9	10295	159	0	4974	85	43
Псковская область	Частные; Сведения об организации, реализуемых программах и персонале	Образовательные программы подготовки квалифицированных рабочих, служащих / 2.0	0	0	0	0	0	0	0	0	0	0	0	0	0	0	0	0
Псковская область	Частные; Сведения об организации, реализуемых программах и персонале	Образовательные программы подготовки специалистов среднего звена / 1.0	0	66	4	0	0	0	2	169	2	1	1105	14	0	1105	14	0
Республика Адыгея	Сведения об организации, реализуемых программах и персонале; Государственные, муниципальные (без учета организаций в ведении ФСИН)	Образовательные программы подготовки квалифицированных рабочих, служащих / 2.0	0	33	1	0	0	0	0	0	0	0	1571	26	0	33	1	0
Республика Адыгея	Сведения об организации, реализуемых программах и персонале; Государственные, муниципальные (без учета организаций в ведении ФСИН)	Образовательные программы подготовки специалистов среднего звена / 1.0	0	2479	62	0	0	0	0	0	0	0	8529	115	0	5404	81	1
Республика Алтай	Сведения об организации, реализуемых программах и персонале; Государственные, муниципальные (без учета организаций в ведении ФСИН)	Образовательные программы подготовки квалифицированных рабочих, служащих / 2.0	0	900	20	0	0	0	7	547	7	7	1385	29	0	909	27	0
Республика Алтай	Сведения об организации, реализуемых программах и персонале; Государственные, муниципальные (без учета организаций в ведении ФСИН)	Образовательные программы подготовки специалистов среднего звена / 1.0	0	2571	53	0	0	0	17	1178	19	20	4802	78	0	2457	51	8
Республика Алтай	Частные; Сведения об организации, реализуемых программах и персонале	Образовательные программы подготовки квалифицированных рабочих, служащих / 2.0	0	0	0	0	0	0	0	0	0	0	0	0	0	0	0	0
Республика Алтай	Частные; Сведения об организации, реализуемых программах и персонале	Образовательные программы подготовки специалистов среднего звена / 1.0	0	0	0	0	0	0	0	0	0	0	407	3	0	0	0	0
Республика Башкортостан	Сведения об организации, реализуемых программах и персонале; Государственные, муниципальные (без учета организаций в ведении ФСИН)	Образовательные программы подготовки квалифицированных рабочих, служащих / 2.0	2	7452	124	0	0	773	778	1469	11	11	25334	436	0	9692	140	81
Республика Башкортостан	Сведения об организации, реализуемых программах и персонале; Государственные, муниципальные (без учета организаций в ведении ФСИН)	Образовательные программы подготовки специалистов среднего звена / 1.0	27	48005	458	0	0	356	402	5466	50	47	82382	773	0	43263	391	124
Республика Башкортостан	Частные; Сведения об организации, реализуемых программах и персонале	Образовательные программы подготовки квалифицированных рабочих, служащих / 2.0	0	0	0	0	0	0	0	0	0	0	0	0	0	0	0	0
Республика Башкортостан	Частные; Сведения об организации, реализуемых программах и персонале	Образовательные программы подготовки специалистов среднего звена / 1.0	0	3135	36	0	0	0	4	2116	3	32	5757	92	0	3871	55	10
Республика Бурятия	Сведения об организации, реализуемых программах и персонале; Государственные, муниципальные (без учета организаций в ведении ФСИН)	Образовательные программы подготовки квалифицированных рабочих, служащих / 2.0	0	1111	31	0	0	0	15	349	15	12	5692	113	0	1500	31	20
Республика Бурятия	Сведения об организации, реализуемых программах и персонале; Государственные, муниципальные (без учета организаций в ведении ФСИН)	Образовательные программы подготовки специалистов среднего звена / 1.0	0	6985	79	0	0	0	31	1331	31	24	23079	298	0	5852	83	30
Республика Бурятия	Частные; Сведения об организации, реализуемых программах и персонале	Образовательные программы подготовки квалифицированных рабочих, служащих / 2.0	0	0	0	0	0	0	0	0	0	0	0	0	0	0	0	0
Республика Бурятия	Частные; Сведения об организации, реализуемых программах и персонале	Образовательные программы подготовки специалистов среднего звена / 1.0	0	0	0	0	0	0	0	0	0	0	1391	14	0	0	0	7
Республика Дагестан	Сведения об организации, реализуемых программах и персонале; Государственные, муниципальные (без учета организаций в ведении ФСИН)	Образовательные программы подготовки квалифицированных рабочих, служащих / 2.0	0	162	2	0	0	0	4	219	4	5	6099	92	0	678	11	52
Республика Дагестан	Сведения об организации, реализуемых программах и персонале; Государственные, муниципальные (без учета организаций в ведении ФСИН)	Образовательные программы подготовки специалистов среднего звена / 1.0	0	8264	36	0	0	0	20	1113	20	9	49676	306	0	8870	51	111
Республика Дагестан	Частные; Сведения об организации, реализуемых программах и персонале	Образовательные программы подготовки квалифицированных рабочих, служащих / 2.0	13	13	1	0	0	0	0	0	0	0	508	10	13	303	5	2
Республика Дагестан	Частные; Сведения об организации, реализуемых программах и персонале	Образовательные программы подготовки специалистов среднего звена / 1.0	12	3752	50	0	0	0	9	3682	9	30	27591	285	12	3321	71	36
Республика Ингушетия	Сведения об организации, реализуемых программах и персонале; Государственные, муниципальные (без учета организаций в ведении ФСИН)	Образовательные программы подготовки квалифицированных рабочих, служащих / 2.0	0	0	0	0	0	0	0	0	0	0	1307	25	0	0	0	9
Республика Ингушетия	Сведения об организации, реализуемых программах и персонале; Государственные, муниципальные (без учета организаций в ведении ФСИН)	Образовательные программы подготовки специалистов среднего звена / 1.0	0	886	5	0	0	0	0	0	0	0	9292	78	0	0	0	23
Республика Ингушетия	Частные; Сведения об организации, реализуемых программах и персонале	Образовательные программы подготовки квалифицированных рабочих, служащих / 2.0	0	0	0	0	0	0	0	0	0	0	240	1	0	0	0	1
Республика Ингушетия	Частные; Сведения об организации, реализуемых программах и персонале	Образовательные программы подготовки специалистов среднего звена / 1.0	0	0	0	0	0	0	26	417	26	14	3957	187	0	0	0	21
Республика Калмыкия	Сведения об организации, реализуемых программах и персонале; Государственные, муниципальные (без учета организаций в ведении ФСИН)	Образовательные программы подготовки квалифицированных рабочих, служащих / 2.0	0	55	2	0	0	0	0	0	0	0	849	28	0	204	6	12
Республика Калмыкия	Сведения об организации, реализуемых программах и персонале; Государственные, муниципальные (без учета организаций в ведении ФСИН)	Образовательные программы подготовки специалистов среднего звена / 1.0	0	84	2	0	0	0	42	422	42	3	7080	93	0	1073	16	28
Республика Калмыкия	Частные; Сведения об организации, реализуемых программах и персонале	Образовательные программы подготовки квалифицированных рабочих, служащих / 2.0	0	0	0	0	0	0	0	0	0	0	0	0	0	0	0	0
Республика Калмыкия	Частные; Сведения об организации, реализуемых программах и персонале	Образовательные программы подготовки специалистов среднего звена / 1.0	0	0	0	0	0	0	0	0	0	0	154	2	0	0	0	0
Республика Карелия	Сведения об организации, реализуемых программах и персонале; Государственные, муниципальные (без учета организаций в ведении ФСИН)	Образовательные программы подготовки квалифицированных рабочих, служащих / 2.0	0	2250	51	0	0	0	28	1074	19	28	2582	61	0	1536	34	2
Республика Карелия	Сведения об организации, реализуемых программах и персонале; Государственные, муниципальные (без учета организаций в ведении ФСИН)	Образовательные программы подготовки специалистов среднего звена / 1.0	1034	8914	123	0	0	0	134	4421	117	79	11392	162	0	7333	105	24
Республика Карелия	Частные; Сведения об организации, реализуемых программах и персонале	Образовательные программы подготовки квалифицированных рабочих, служащих / 2.0	0	0	0	0	0	0	0	0	0	0	0	0	0	0	0	0
Республика Карелия	Частные; Сведения об организации, реализуемых программах и персонале	Образовательные программы подготовки специалистов среднего звена / 1.0	0	1399	11	0	0	0	0	0	0	0	1685	11	0	0	0	0
Республика Коми	Сведения об организации, реализуемых программах и персонале; Государственные, муниципальные (без учета организаций в ведении ФСИН)	Образовательные программы подготовки квалифицированных рабочих, служащих / 2.0	0	1162	25	0	0	0	29	891	30	24	4855	92	0	978	25	12
Республика Коми	Сведения об организации, реализуемых программах и персонале; Государственные, муниципальные (без учета организаций в ведении ФСИН)	Образовательные программы подготовки специалистов среднего звена / 1.0	0	6647	94	0	0	0	82	2947	82	45	14828	204	0	5416	82	32
Республика Коми	Частные; Сведения об организации, реализуемых программах и персонале	Образовательные программы подготовки квалифицированных рабочих, служащих / 2.0	0	0	0	0	0	0	0	0	0	0	20	1	0	20	1	0
Республика Коми	Частные; Сведения об организации, реализуемых программах и персонале	Образовательные программы подготовки специалистов среднего звена / 1.0	0	410	5	0	0	0	0	0	0	0	841	12	0	466	7	0
Республика Крым	Сведения об организации, реализуемых программах и персонале; Государственные, муниципальные (без учета организаций в ведении ФСИН)	Образовательные программы подготовки квалифицированных рабочих, служащих / 2.0	0	829	4	0	0	0	17	912	17	12	10599	175	0	0	0	3
Республика Крым	Сведения об организации, реализуемых программах и персонале; Государственные, муниципальные (без учета организаций в ведении ФСИН)	Образовательные программы подготовки специалистов среднего звена / 1.0	0	4090	24	0	0	0	31	1746	31	22	26696	269	0	3110	31	12
Республика Крым	Частные; Сведения об организации, реализуемых программах и персонале	Образовательные программы подготовки квалифицированных рабочих, служащих / 2.0	0	0	0	0	0	0	0	0	0	0	0	0	0	0	0	0
Республика Крым	Частные; Сведения об организации, реализуемых программах и персонале	Образовательные программы подготовки специалистов среднего звена / 1.0	0	305	1	0	0	0	0	0	0	0	6699	26	0	0	0	21
Республика Марий Эл	Сведения об организации, реализуемых программах и персонале; Государственные, муниципальные (без учета организаций в ведении ФСИН)	Образовательные программы подготовки квалифицированных рабочих, служащих / 2.0	0	99	6	0	0	0	11	372	10	9	1851	51	0	432	10	2
Республика Марий Эл	Сведения об организации, реализуемых программах и персонале; Государственные, муниципальные (без учета организаций в ведении ФСИН)	Образовательные программы подготовки специалистов среднего звена / 1.0	198	6283	80	0	0	0	69	2280	69	23	14198	188	0	7806	84	38
Республика Марий Эл	Частные; Сведения об организации, реализуемых программах и персонале	Образовательные программы подготовки квалифицированных рабочих, служащих / 2.0	0	0	0	0	0	0	0	0	0	0	0	0	0	0	0	0
Республика Марий Эл	Частные; Сведения об организации, реализуемых программах и персонале	Образовательные программы подготовки специалистов среднего звена / 1.0	0	0	0	0	0	0	0	0	0	0	1940	8	0	0	0	3
Республика Мордовия	Сведения об организации, реализуемых программах и персонале; Государственные, муниципальные (без учета организаций в ведении ФСИН)	Образовательные программы подготовки квалифицированных рабочих, служащих / 2.0	0	1018	27	0	0	0	26	507	27	14	1627	39	0	816	25	11
Республика Мордовия	Сведения об организации, реализуемых программах и персонале; Государственные, муниципальные (без учета организаций в ведении ФСИН)	Образовательные программы подготовки специалистов среднего звена / 1.0	0	9188	123	0	0	0	55	2260	54	41	14443	184	0	7625	100	37
Республика Мордовия	Частные; Сведения об организации, реализуемых программах и персонале	Образовательные программы подготовки квалифицированных рабочих, служащих / 2.0	0	0	0	0	0	0	0	0	0	0	0	0	0	0	0	0
Республика Мордовия	Частные; Сведения об организации, реализуемых программах и персонале	Образовательные программы подготовки специалистов среднего звена / 1.0	0	0	0	0	0	0	0	0	0	0	1239	12	0	0	0	0
Республика Саха (Якутия)	Сведения об организации, реализуемых программах и персонале; Государственные, муниципальные (без учета организаций в ведении ФСИН)	Образовательные программы подготовки квалифицированных рабочих, служащих / 2.0	0	1699	50	0	0	0	7	209	7	9	5185	174	0	1959	58	41
Республика Саха (Якутия)	Сведения об организации, реализуемых программах и персонале; Государственные, муниципальные (без учета организаций в ведении ФСИН)	Образовательные программы подготовки специалистов среднего звена / 1.0	0	7719	113	0	0	0	119	3263	119	25	21122	356	0	7107	112	115
Республика Саха (Якутия)	Частные; Сведения об организации, реализуемых программах и персонале	Образовательные программы подготовки квалифицированных рабочих, служащих / 2.0	0	0	0	0	0	0	2	63	2	1	63	1	0	0	0	0
Республика Саха (Якутия)	Частные; Сведения об организации, реализуемых программах и персонале	Образовательные программы подготовки специалистов среднего звена / 1.0	0	1102	7	0	0	0	2	96	2	2	2797	16	0	1102	7	7
Республика Северная Осетия - Алания	Сведения об организации, реализуемых программах и персонале; Государственные, муниципальные (без учета организаций в ведении ФСИН)	Образовательные программы подготовки квалифицированных рабочих, служащих / 2.0	0	980	10	0	0	0	42	707	36	10	3409	69	0	42	4	16
Республика Северная Осетия - Алания	Сведения об организации, реализуемых программах и персонале; Государственные, муниципальные (без учета организаций в ведении ФСИН)	Образовательные программы подготовки специалистов среднего звена / 1.0	0	2103	36	0	0	0	36	335	21	15	13055	157	1	631	6	51
Республика Северная Осетия - Алания	Частные; Сведения об организации, реализуемых программах и персонале	Образовательные программы подготовки квалифицированных рабочих, служащих / 2.0	0	60	2	0	0	0	2	36	2	1	122	4	0	36	1	1
Республика Северная Осетия - Алания	Частные; Сведения об организации, реализуемых программах и персонале	Образовательные программы подготовки специалистов среднего звена / 1.0	0	2044	33	0	0	0	2	1492	2	10	2789	46	0	1492	20	0
Республика Татарстан	Сведения об организации, реализуемых программах и персонале; Государственные, муниципальные (без учета организаций в ведении ФСИН)	Образовательные программы подготовки квалифицированных рабочих, служащих / 2.0	0	107	4	0	0	0	25	1589	25	25	10746	178	0	699	14	14
Республика Татарстан	Сведения об организации, реализуемых программах и персонале; Государственные, муниципальные (без учета организаций в ведении ФСИН)	Образовательные программы подготовки специалистов среднего звена / 1.0	178	4726	44	0	0	0	141	13147	109	133	70698	770	0	13562	166	74
Республика Татарстан	Частные; Сведения об организации, реализуемых программах и персонале	Образовательные программы подготовки квалифицированных рабочих, служащих / 2.0	0	0	0	0	0	0	0	0	0	0	23	2	0	0	0	0
Республика Татарстан	Частные; Сведения об организации, реализуемых программах и персонале	Образовательные программы подготовки специалистов среднего звена / 1.0	0	1338	40	0	0	0	5	301	5	4	14117	188	0	5059	88	32
Республика Тыва	Сведения об организации, реализуемых программах и персонале; Государственные, муниципальные (без учета организаций в ведении ФСИН)	Образовательные программы подготовки квалифицированных рабочих, служащих / 2.0	0	286	9	0	0	0	0	0	0	0	2538	74	0	56	2	5
Республика Тыва	Сведения об организации, реализуемых программах и персонале; Государственные, муниципальные (без учета организаций в ведении ФСИН)	Образовательные программы подготовки специалистов среднего звена / 1.0	1	1116	12	0	0	0	0	0	0	0	7075	90	1	989	9	13
Республика Тыва	Частные; Сведения об организации, реализуемых программах и персонале	Образовательные программы подготовки квалифицированных рабочих, служащих / 2.0	0	0	0	0	0	0	0	0	0	0	0	0	0	0	0	0
Республика Тыва	Частные; Сведения об организации, реализуемых программах и персонале	Образовательные программы подготовки специалистов среднего звена / 1.0	0	0	0	0	0	0	0	0	0	0	1077	9	0	0	0	0
Республика Хакасия	Сведения об организации, реализуемых программах и персонале; Государственные, муниципальные (без учета организаций в ведении ФСИН)	Образовательные программы подготовки квалифицированных рабочих, служащих / 2.0	106	2894	72	0	0	0	168	2293	106	60	3307	87	272	2716	58	9
Республика Хакасия	Сведения об организации, реализуемых программах и персонале; Государственные, муниципальные (без учета организаций в ведении ФСИН)	Образовательные программы подготовки специалистов среднего звена / 1.0	786	6408	88	0	0	0	137	3670	112	52	10203	147	0	9563	128	8
Республика Хакасия	Частные; Сведения об организации, реализуемых программах и персонале	Образовательные программы подготовки квалифицированных рабочих, служащих / 2.0	0	0	0	0	0	0	0	0	0	0	0	0	0	0	0	0
Республика Хакасия	Частные; Сведения об организации, реализуемых программах и персонале	Образовательные программы подготовки специалистов среднего звена / 1.0	0	0	0	0	0	0	209	1365	209	5	1365	5	0	1365	5	0
Российская Федерация	Государственные, муниципальные (без учета организаций в ведении ФСИН)	Образовательные программы подготовки квалифицированных рабочих, служащих / 2.0	974	228583	4194	7	276	774	5710	99812	3303	2143	568551	10586	1647	220295	4047	1383
Российская Федерация	Государственные, муниципальные (без учета организаций в ведении ФСИН)	Образовательные программы подготовки специалистов среднего звена / 1.0	5618	1154461	13917	57	623	422	13339	351587	9334	5197	2679792	35899	4260	1079294	12863	4213
Российская Федерация	Сведения об организации, реализуемых программах и персонале	Образовательные программы подготовки квалифицированных рабочих, служащих / 2.0	1075	230666	4226	7	276	774	5727	100766	3320	2163	577215	10703	1722	224472	4079	1398
Российская Федерация	Сведения об организации, реализуемых программах и персонале	Образовательные программы подготовки специалистов среднего звена / 1.0	28660	1299521	15348	59	698	424	13962	401141	9891	5792	3133984	40440	14240	1223249	14282	4725
Российская Федерация	Сведения об организации, реализуемых программах и персонале; Государственные, муниципальные (без учета организаций в ведении ФСИН)	Образовательные программы подготовки квалифицированных рабочих, служащих / 2.0	974	228583	4194	7	276	774	5710	99812	3303	2143	568551	10586	1647	220295	4047	1383
Российская Федерация	Сведения об организации, реализуемых программах и персонале; Государственные, муниципальные (без учета организаций в ведении ФСИН)	Образовательные программы подготовки специалистов среднего звена / 1.0	5618	1154461	13917	57	623	422	13339	351587	9334	5197	2679792	35899	4260	1079294	12863	4213
Российская Федерация	Частные	Образовательные программы подготовки квалифицированных рабочих, служащих / 2.0	101	2083	32	0	0	0	17	954	17	20	8664	117	75	4177	32	15
Российская Федерация	Частные	Образовательные программы подготовки специалистов среднего звена / 1.0	23042	145060	1431	2	75	2	623	49554	557	595	454192	4541	9980	143955	1419	512
Российская Федерация	Частные; Сведения об организации, реализуемых программах и персонале	Образовательные программы подготовки квалифицированных рабочих, служащих / 2.0	101	2083	32	0	0	0	17	954	17	20	8664	117	75	4177	32	15
Российская Федерация	Частные; Сведения об организации, реализуемых программах и персонале	Образовательные программы подготовки специалистов среднего звена / 1.0	23042	145060	1431	2	75	2	623	49554	557	595	454192	4541	9980	143955	1419	512
Ростовская область	Сведения об организации, реализуемых программах и персонале; Государственные, муниципальные (без учета организаций в ведении ФСИН)	Образовательные программы подготовки квалифицированных рабочих, служащих / 2.0	0	3856	52	0	0	0	36	1826	38	26	22047	346	0	6782	103	27
Ростовская область	Сведения об организации, реализуемых программах и персонале; Государственные, муниципальные (без учета организаций в ведении ФСИН)	Образовательные программы подготовки специалистов среднего звена / 1.0	0	18949	201	0	0	0	139	8357	145	96	88191	878	11	19393	241	135
Ростовская область	Частные; Сведения об организации, реализуемых программах и персонале	Образовательные программы подготовки квалифицированных рабочих, служащих / 2.0	0	0	0	0	0	0	0	0	0	0	12	1	0	0	0	0
Ростовская область	Частные; Сведения об организации, реализуемых программах и персонале	Образовательные программы подготовки специалистов среднего звена / 1.0	0	556	25	0	0	0	0	0	0	0	4349	54	0	1221	11	0
Рязанская область	Сведения об организации, реализуемых программах и персонале; Государственные, муниципальные (без учета организаций в ведении ФСИН)	Образовательные программы подготовки квалифицированных рабочих, служащих / 2.0	0	948	17	0	0	0	26	457	23	13	2616	46	0	1070	21	6
Рязанская область	Сведения об организации, реализуемых программах и персонале; Государственные, муниципальные (без учета организаций в ведении ФСИН)	Образовательные программы подготовки специалистов среднего звена / 1.0	0	10983	98	0	0	0	135	5696	123	54	22763	236	0	8837	80	39
Рязанская область	Частные; Сведения об организации, реализуемых программах и персонале	Образовательные программы подготовки квалифицированных рабочих, служащих / 2.0	0	0	0	0	0	0	0	0	0	0	5	1	0	0	0	0
Рязанская область	Частные; Сведения об организации, реализуемых программах и персонале	Образовательные программы подготовки специалистов среднего звена / 1.0	0	0	0	0	0	0	0	0	0	0	1336	6	0	0	0	1
Самарская область	Сведения об организации, реализуемых программах и персонале; Государственные, муниципальные (без учета организаций в ведении ФСИН)	Образовательные программы подготовки квалифицированных рабочих, служащих / 2.0	0	8766	142	0	0	0	988	4943	455	141	14167	236	0	7625	128	6
Самарская область	Сведения об организации, реализуемых программах и персонале; Государственные, муниципальные (без учета организаций в ведении ФСИН)	Образовательные программы подготовки специалистов среднего звена / 1.0	0	44325	544	0	0	0	2869	20718	2090	443	68622	817	0	40594	524	9
Самарская область	Частные; Сведения об организации, реализуемых программах и персонале	Образовательные программы подготовки квалифицированных рабочих, служащих / 2.0	0	0	0	0	0	0	0	0	0	0	10	1	0	0	0	0
Самарская область	Частные; Сведения об организации, реализуемых программах и персонале	Образовательные программы подготовки специалистов среднего звена / 1.0	0	470	3	0	0	0	6	256	6	2	7927	100	0	1376	5	0
Саратовская область	Сведения об организации, реализуемых программах и персонале; Государственные, муниципальные (без учета организаций в ведении ФСИН)	Образовательные программы подготовки квалифицированных рабочих, служащих / 2.0	0	1739	40	0	0	0	72	1528	72	35	8121	133	0	945	26	31
Саратовская область	Сведения об организации, реализуемых программах и персонале; Государственные, муниципальные (без учета организаций в ведении ФСИН)	Образовательные программы подготовки специалистов среднего звена / 1.0	0	12387	142	0	0	0	130	5796	125	86	49852	993	0	10979	127	139
Саратовская область	Частные; Сведения об организации, реализуемых программах и персонале	Образовательные программы подготовки квалифицированных рабочих, служащих / 2.0	0	0	0	0	0	0	0	0	0	0	0	0	0	0	0	0
Саратовская область	Частные; Сведения об организации, реализуемых программах и персонале	Образовательные программы подготовки специалистов среднего звена / 1.0	0	527	11	0	0	0	0	0	0	0	1388	23	0	527	11	0
Сахалинская область	Сведения об организации, реализуемых программах и персонале; Государственные, муниципальные (без учета организаций в ведении ФСИН)	Образовательные программы подготовки квалифицированных рабочих, служащих / 2.0	0	0	0	0	0	0	0	0	0	0	2130	51	0	0	0	4
Сахалинская область	Сведения об организации, реализуемых программах и персонале; Государственные, муниципальные (без учета организаций в ведении ФСИН)	Образовательные программы подготовки специалистов среднего звена / 1.0	0	3648	39	0	0	0	0	0	0	0	9607	105	0	733	8	3
Свердловская область	Сведения об организации, реализуемых программах и персонале; Государственные, муниципальные (без учета организаций в ведении ФСИН)	Образовательные программы подготовки квалифицированных рабочих, служащих / 2.0	0	7407	142	0	0	0	43	2019	41	39	18168	344	0	6512	122	44
Свердловская область	Сведения об организации, реализуемых программах и персонале; Государственные, муниципальные (без учета организаций в ведении ФСИН)	Образовательные программы подготовки специалистов среднего звена / 1.0	215	50680	529	0	0	0	82	7066	77	100	100481	3670	119	33988	350	110
Свердловская область	Частные; Сведения об организации, реализуемых программах и персонале	Образовательные программы подготовки квалифицированных рабочих, служащих / 2.0	5	68	9	0	0	0	0	0	0	0	68	9	0	0	0	0
Свердловская область	Частные; Сведения об организации, реализуемых программах и персонале	Образовательные программы подготовки специалистов среднего звена / 1.0	48	2339	51	0	0	0	0	0	0	0	6649	113	48	1754	49	5
Смоленская область	Сведения об организации, реализуемых программах и персонале; Государственные, муниципальные (без учета организаций в ведении ФСИН)	Образовательные программы подготовки квалифицированных рабочих, служащих / 2.0	0	1057	20	0	0	0	98	2562	98	50	3966	75	0	1651	32	0
Смоленская область	Сведения об организации, реализуемых программах и персонале; Государственные, муниципальные (без учета организаций в ведении ФСИН)	Образовательные программы подготовки специалистов среднего звена / 1.0	0	4848	91	1	0	0	118	5875	117	90	15446	246	0	5365	87	15
Смоленская область	Частные; Сведения об организации, реализуемых программах и персонале	Образовательные программы подготовки квалифицированных рабочих, служащих / 2.0	0	0	0	0	0	0	0	0	0	0	0	0	0	0	0	0
Смоленская область	Частные; Сведения об организации, реализуемых программах и персонале	Образовательные программы подготовки специалистов среднего звена / 1.0	0	1405	8	0	0	0	5	708	5	5	2808	24	0	1588	11	5
Ставропольский край	Сведения об организации, реализуемых программах и персонале; Государственные, муниципальные (без учета организаций в ведении ФСИН)	Образовательные программы подготовки квалифицированных рабочих, служащих / 2.0	0	616	35	0	0	0	19	692	18	18	7415	162	0	603	34	14
Ставропольский край	Сведения об организации, реализуемых программах и персонале; Государственные, муниципальные (без учета организаций в ведении ФСИН)	Образовательные программы подготовки специалистов среднего звена / 1.0	0	19963	251	0	0	0	162	5910	121	60	48409	563	0	17766	223	114
Ставропольский край	Частные; Сведения об организации, реализуемых программах и персонале	Образовательные программы подготовки квалифицированных рабочих, служащих / 2.0	0	0	0	0	0	0	1	79	1	2	147	9	0	0	0	3
Ставропольский край	Частные; Сведения об организации, реализуемых программах и персонале	Образовательные программы подготовки специалистов среднего звена / 1.0	0	4714	122	0	0	0	46	3644	42	66	22047	408	205	4750	122	54
Тамбовская область	Сведения об организации, реализуемых программах и персонале; Государственные, муниципальные (без учета организаций в ведении ФСИН)	Образовательные программы подготовки квалифицированных рабочих, служащих / 2.0	0	4218	100	0	18	0	362	3996	113	99	4280	101	0	4280	100	6
Тамбовская область	Сведения об организации, реализуемых программах и персонале; Государственные, муниципальные (без учета организаций в ведении ФСИН)	Образовательные программы подготовки специалистов среднего звена / 1.0	0	14353	186	0	18	0	339	10990	219	172	19958	268	0	14418	186	25
Тамбовская область	Частные; Сведения об организации, реализуемых программах и персонале	Образовательные программы подготовки квалифицированных рабочих, служащих / 2.0	0	0	0	0	0	0	0	0	0	0	0	0	0	0	0	0
Тамбовская область	Частные; Сведения об организации, реализуемых программах и персонале	Образовательные программы подготовки специалистов среднего звена / 1.0	0	775	23	0	0	0	0	0	0	0	1428	33	0	643	18	14
Тверская область	Сведения об организации, реализуемых программах и персонале; Государственные, муниципальные (без учета организаций в ведении ФСИН)	Образовательные программы подготовки квалифицированных рабочих, служащих / 2.0	0	1341	31	0	0	0	19	658	19	14	4952	105	0	1454	32	32
Тверская область	Сведения об организации, реализуемых программах и персонале; Государственные, муниципальные (без учета организаций в ведении ФСИН)	Образовательные программы подготовки специалистов среднего звена / 1.0	0	7343	116	0	0	0	94	3624	89	52	22880	309	0	7923	122	71
Тверская область	Частные; Сведения об организации, реализуемых программах и персонале	Образовательные программы подготовки квалифицированных рабочих, служащих / 2.0	0	0	0	0	0	0	0	0	0	0	0	0	0	0	0	0
Тверская область	Частные; Сведения об организации, реализуемых программах и персонале	Образовательные программы подготовки специалистов среднего звена / 1.0	0	0	0	0	0	0	0	0	0	0	1680	11	0	0	0	0
Томская область	Сведения об организации, реализуемых программах и персонале; Государственные, муниципальные (без учета организаций в ведении ФСИН)	Образовательные программы подготовки квалифицированных рабочих, служащих / 2.0	0	746	15	0	0	0	48	902	32	19	4097	78	0	1546	32	6
Томская область	Сведения об организации, реализуемых программах и персонале; Государственные, муниципальные (без учета организаций в ведении ФСИН)	Образовательные программы подготовки специалистов среднего звена / 1.0	0	7664	79	0	1	0	246	4821	110	53	21130	251	0	12168	126	50
Томская область	Частные; Сведения об организации, реализуемых программах и персонале	Образовательные программы подготовки квалифицированных рабочих, служащих / 2.0	0	0	0	0	0	0	0	0	0	0	0	0	0	0	0	0
Томская область	Частные; Сведения об организации, реализуемых программах и персонале	Образовательные программы подготовки специалистов среднего звена / 1.0	0	179	5	0	0	0	5	1433	5	7	1769	9	0	0	0	5
Тульская область	Сведения об организации, реализуемых программах и персонале; Государственные, муниципальные (без учета организаций в ведении ФСИН)	Образовательные программы подготовки квалифицированных рабочих, служащих / 2.0	0	683	13	0	0	0	32	933	29	25	5886	101	0	1061	21	8
Тульская область	Сведения об организации, реализуемых программах и персонале; Государственные, муниципальные (без учета организаций в ведении ФСИН)	Образовательные программы подготовки специалистов среднего звена / 1.0	0	7467	95	0	0	0	714	2930	46	61	22310	293	0	6508	80	39
Тульская область	Частные; Сведения об организации, реализуемых программах и персонале	Образовательные программы подготовки квалифицированных рабочих, служащих / 2.0	0	0	0	0	0	0	0	0	0	0	0	0	0	0	0	0
Тульская область	Частные; Сведения об организации, реализуемых программах и персонале	Образовательные программы подготовки специалистов среднего звена / 1.0	0	6847	59	0	0	0	3	4872	3	25	10988	85	0	0	0	2
Тюменская область	Сведения об организации, реализуемых программах и персонале; Государственные, муниципальные (без учета организаций в ведении ФСИН)	Образовательные программы подготовки квалифицированных рабочих, служащих / 2.0	1	4230	108	0	0	0	39	1094	35	36	7647	169	1	5486	124	10
Тюменская область	Сведения об организации, реализуемых программах и персонале; Государственные, муниципальные (без учета организаций в ведении ФСИН)	Образовательные программы подготовки специалистов среднего звена / 1.0	0	16219	183	0	0	0	134	5891	128	75	28830	349	0	19934	234	35
Тюменская область	Частные; Сведения об организации, реализуемых программах и персонале	Образовательные программы подготовки квалифицированных рабочих, служащих / 2.0	0	0	0	0	0	0	0	0	0	0	75	3	0	0	0	0
Тюменская область	Частные; Сведения об организации, реализуемых программах и персонале	Образовательные программы подготовки специалистов среднего звена / 1.0	0	39	12	0	0	0	2	58	2	13	2085	32	0	2085	32	4
Удмуртская Республика	Сведения об организации, реализуемых программах и персонале; Государственные, муниципальные (без учета организаций в ведении ФСИН)	Образовательные программы подготовки квалифицированных рабочих, служащих / 2.0	0	4575	82	0	0	0	28	2077	28	38	8576	170	0	3322	61	2
Удмуртская Республика	Сведения об организации, реализуемых программах и персонале; Государственные, муниципальные (без учета организаций в ведении ФСИН)	Образовательные программы подготовки специалистов среднего звена / 1.0	0	14062	187	0	0	0	37	2122	37	52	26498	334	550	15885	206	8
Удмуртская Республика	Частные; Сведения об организации, реализуемых программах и персонале	Образовательные программы подготовки квалифицированных рабочих, служащих / 2.0	0	807	2	0	0	0	1	15	1	1	925	4	0	925	4	0
Удмуртская Республика	Частные; Сведения об организации, реализуемых программах и персонале	Образовательные программы подготовки специалистов среднего звена / 1.0	0	3715	38	0	0	0	7	575	7	9	9513	93	0	5738	66	1
Ульяновская область	Сведения об организации, реализуемых программах и персонале; Государственные, муниципальные (без учета организаций в ведении ФСИН)	Образовательные программы подготовки квалифицированных рабочих, служащих / 2.0	0	2119	38	0	0	0	5	745	7	12	3775	68	0	1896	34	9
Ульяновская область	Сведения об организации, реализуемых программах и персонале; Государственные, муниципальные (без учета организаций в ведении ФСИН)	Образовательные программы подготовки специалистов среднего звена / 1.0	0	11243	113	0	0	0	38	1576	40	24	22408	264	0	11517	126	40
Ульяновская область	Частные; Сведения об организации, реализуемых программах и персонале	Образовательные программы подготовки квалифицированных рабочих, служащих / 2.0	0	0	0	0	0	0	0	0	0	0	0	0	0	0	0	0
Ульяновская область	Частные; Сведения об организации, реализуемых программах и персонале	Образовательные программы подготовки специалистов среднего звена / 1.0	0	1042	20	0	0	0	0	0	0	0	2152	26	0	1042	20	0
Хабаровский край	Сведения об организации, реализуемых программах и персонале; Государственные, муниципальные (без учета организаций в ведении ФСИН)	Образовательные программы подготовки квалифицированных рабочих, служащих / 2.0	0	6872	133	0	0	0	100	3757	94	75	6897	137	0	6872	137	8
Хабаровский край	Сведения об организации, реализуемых программах и персонале; Государственные, муниципальные (без учета организаций в ведении ФСИН)	Образовательные программы подготовки специалистов среднего звена / 1.0	76	29343	463	0	0	0	391	12520	340	208	31555	513	0	29849	485	64
Хабаровский край	Частные; Сведения об организации, реализуемых программах и персонале	Образовательные программы подготовки квалифицированных рабочих, служащих / 2.0	0	0	0	0	0	0	0	0	0	0	0	0	0	0	0	0
Хабаровский край	Частные; Сведения об организации, реализуемых программах и персонале	Образовательные программы подготовки специалистов среднего звена / 1.0	67	192	8	0	0	0	2	253	2	12	377	23	0	310	21	0
Ханты-Мансийский автономный округ	Сведения об организации, реализуемых программах и персонале; Государственные, муниципальные (без учета организаций в ведении ФСИН)	Образовательные программы подготовки квалифицированных рабочих, служащих / 2.0	0	3518	76	6	0	0	39	915	38	28	5998	146	0	4518	91	41
Ханты-Мансийский автономный округ	Сведения об организации, реализуемых программах и персонале; Государственные, муниципальные (без учета организаций в ведении ФСИН)	Образовательные программы подготовки специалистов среднего звена / 1.0	284	14471	213	46	0	0	159	4791	177	81	24602	365	284	14890	217	88
Ханты-Мансийский автономный округ	Частные; Сведения об организации, реализуемых программах и персонале	Образовательные программы подготовки квалифицированных рабочих, служащих / 2.0	0	481	3	0	0	0	0	0	0	0	481	3	0	481	3	0
Ханты-Мансийский автономный округ	Частные; Сведения об организации, реализуемых программах и персонале	Образовательные программы подготовки специалистов среднего звена / 1.0	0	4763	48	0	0	0	3	295	3	8	4786	51	0	4713	48	0
Челябинская область	Сведения об организации, реализуемых программах и персонале; Государственные, муниципальные (без учета организаций в ведении ФСИН)	Образовательные программы подготовки квалифицированных рабочих, служащих / 2.0	0	8112	113	0	0	0	71	2722	70	42	13717	213	0	6902	86	36
Челябинская область	Сведения об организации, реализуемых программах и персонале; Государственные, муниципальные (без учета организаций в ведении ФСИН)	Образовательные программы подготовки специалистов среднего звена / 1.0	0	28644	431	0	0	0	94	4080	91	49	65245	864	0	29917	418	84
Челябинская область	Частные; Сведения об организации, реализуемых программах и персонале	Образовательные программы подготовки квалифицированных рабочих, служащих / 2.0	0	0	0	0	0	0	0	0	0	0	30	1	0	0	0	0
Челябинская область	Частные; Сведения об организации, реализуемых программах и персонале	Образовательные программы подготовки специалистов среднего звена / 1.0	28	3509	59	0	0	0	17	1364	22	15	20846	206	40	2334	42	8
Чеченская Республика	Сведения об организации, реализуемых программах и персонале; Государственные, муниципальные (без учета организаций в ведении ФСИН)	Образовательные программы подготовки квалифицированных рабочих, служащих / 2.0	0	0	0	0	0	0	44	1791	40	31	7012	75	0	0	0	23
Чеченская Республика	Сведения об организации, реализуемых программах и персонале; Государственные, муниципальные (без учета организаций в ведении ФСИН)	Образовательные программы подготовки специалистов среднего звена / 1.0	0	0	0	0	0	0	80	5537	65	58	26249	198	0	705	2	54
Чеченская Республика	Частные; Сведения об организации, реализуемых программах и персонале	Образовательные программы подготовки квалифицированных рабочих, служащих / 2.0	0	0	0	0	0	0	5	526	5	7	929	9	0	0	0	6
Чеченская Республика	Частные; Сведения об организации, реализуемых программах и персонале	Образовательные программы подготовки специалистов среднего звена / 1.0	0	0	0	0	0	0	14	667	14	15	4961	31	0	0	0	12
Чувашская Республика	Сведения об организации, реализуемых программах и персонале; Государственные, муниципальные (без учета организаций в ведении ФСИН)	Образовательные программы подготовки квалифицированных рабочих, служащих / 2.0	0	2258	39	0	0	0	24	895	22	22	5044	204	269	1929	33	5
Чувашская Республика	Сведения об организации, реализуемых программах и персонале; Государственные, муниципальные (без учета организаций в ведении ФСИН)	Образовательные программы подготовки специалистов среднего звена / 1.0	0	13576	121	0	0	0	38	1565	38	22	23514	1594	0	8659	66	10
Чувашская Республика	Частные; Сведения об организации, реализуемых программах и персонале	Образовательные программы подготовки квалифицированных рабочих, служащих / 2.0	0	0	0	0	0	0	0	0	0	0	46	1	0	0	0	0
Чувашская Республика	Частные; Сведения об организации, реализуемых программах и персонале	Образовательные программы подготовки специалистов среднего звена / 1.0	0	2321	29	0	0	0	3	732	3	6	4400	42	0	2321	29	0
Чукотский автономный округ	Сведения об организации, реализуемых программах и персонале; Государственные, муниципальные (без учета организаций в ведении ФСИН)	Образовательные программы подготовки квалифицированных рабочих, служащих / 2.0	0	0	0	0	0	0	2	51	2	4	179	11	0	0	0	0
Чукотский автономный округ	Сведения об организации, реализуемых программах и персонале; Государственные, муниципальные (без учета организаций в ведении ФСИН)	Образовательные программы подготовки специалистов среднего звена / 1.0	0	1	1	0	0	0	7	157	6	9	557	21	0	0	0	0
Ямало-Ненецкий автономный округ	Сведения об организации, реализуемых программах и персонале; Государственные, муниципальные (без учета организаций в ведении ФСИН)	Образовательные программы подготовки квалифицированных рабочих, служащих / 2.0	0	390	11	0	0	0	0	0	0	0	2166	43	0	659	14	7
Ямало-Ненецкий автономный округ	Сведения об организации, реализуемых программах и персонале; Государственные, муниципальные (без учета организаций в ведении ФСИН)	Образовательные программы подготовки специалистов среднего звена / 1.0	0	1432	26	0	0	0	0	0	0	0	6798	103	0	2284	34	9
Ямало-Ненецкий автономный округ	Частные; Сведения об организации, реализуемых программах и персонале	Образовательные программы подготовки квалифицированных рабочих, служащих / 2.0	0	0	0	0	0	0	0	0	0	0	0	0	0	0	0	0
Ямало-Ненецкий автономный округ	Частные; Сведения об организации, реализуемых программах и персонале	Образовательные программы подготовки специалистов среднего звена / 1.0	0	928	6	0	0	0	0	0	0	0	1630	14	0	0	0	4
Ярославская область	Сведения об организации, реализуемых программах и персонале; Государственные, муниципальные (без учета организаций в ведении ФСИН)	Образовательные программы подготовки квалифицированных рабочих, служащих / 2.0	3	5197	112	0	0	0	44	1688	41	50	8182	186	0	6123	143	4
Ярославская область	Сведения об организации, реализуемых программах и персонале; Государственные, муниципальные (без учета организаций в ведении ФСИН)	Образовательные программы подготовки специалистов среднего звена / 1.0	0	17082	286	0	0	0	352	4134	177	95	26874	388	0	18580	288	28
Ярославская область	Частные; Сведения об организации, реализуемых программах и персонале	Образовательные программы подготовки квалифицированных рабочих, служащих / 2.0	0	0	0	0	0	0	0	0	0	0	0	0	0	0	0	0
Ярославская область	Частные; Сведения об организации, реализуемых программах и персонале	Образовательные программы подготовки специалистов среднего звена / 1.0	0	0	0	0	0	0	1	75	10	1	1210	20	0	0	0	0
г.Москва	Сведения об организации, реализуемых программах и персонале; Государственные, муниципальные (без учета организаций в ведении ФСИН)	Образовательные программы подготовки квалифицированных рабочих, служащих / 2.0	71	19381	261	0	0	0	62	1871	54	33	19541	268	71	19368	260	40
г.Москва	Сведения об организации, реализуемых программах и персонале; Государственные, муниципальные (без учета организаций в ведении ФСИН)	Образовательные программы подготовки специалистов среднего звена / 1.0	163	101247	995	0	0	0	208	8071	107	82	144748	1340	116	98423	966	195
г.Москва	Частные; Сведения об организации, реализуемых программах и персонале	Образовательные программы подготовки квалифицированных рабочих, служащих / 2.0	0	310	5	0	0	0	3	180	3	4	3391	23	0	2316	12	0
г.Москва	Частные; Сведения об организации, реализуемых программах и персонале	Образовательные программы подготовки специалистов среднего звена / 1.0	3245	29905	154	0	0	0	21	10029	16	59	89447	469	3589	55420	247	45
г.Санкт-Петербург	Сведения об организации, реализуемых программах и персонале; Государственные, муниципальные (без учета организаций в ведении ФСИН)	Образовательные программы подготовки квалифицированных рабочих, служащих / 2.0	0	10735	136	0	0	0	89	3690	62	52	20738	271	0	6870	99	18
г.Санкт-Петербург	Сведения об организации, реализуемых программах и персонале; Государственные, муниципальные (без учета организаций в ведении ФСИН)	Образовательные программы подготовки специалистов среднего звена / 1.0	62	54275	500	0	20	57	718	12473	311	137	99302	867	0	33886	277	86
г.Санкт-Петербург	Частные; Сведения об организации, реализуемых программах и персонале	Образовательные программы подготовки квалифицированных рабочих, служащих / 2.0	27	27	1	0	0	0	0	0	0	0	27	1	27	27	1	0
г.Санкт-Петербург	Частные; Сведения об организации, реализуемых программах и персонале	Образовательные программы подготовки специалистов среднего звена / 1.0	236	1625	28	0	0	0	4	1477	4	8	5703	70	236	305	10	0
г.Севастополь	Сведения об организации, реализуемых программах и персонале; Государственные, муниципальные (без учета организаций в ведении ФСИН)	Образовательные программы подготовки квалифицированных рабочих, служащих / 2.0	0	0	0	0	0	0	1	50	1	1	2197	25	0	4	4	9
г.Севастополь	Сведения об организации, реализуемых программах и персонале; Государственные, муниципальные (без учета организаций в ведении ФСИН)	Образовательные программы подготовки специалистов среднего звена / 1.0	0	1460	11	0	0	0	2	25	2	1	8221	70	0	1460	11	6
